status,name,address,website,phone,email,google_rating,google_reviews,yelp_rating,yelp_reviews,fb_rating,fb_reviews,fb_likes,fb_checkins,fb_followers,is_title,is_description,is_adwords,is_facebook_ads,is_twitter_ads,is_linkedin_ads,is_bing_ads,is_robot,is_ssl,is_wordpress,fb_url,twitter_url,linkedin_url,youtube_url,instagram_url,category,search_type,crawler_status,women_owned,black_owned
New,"Wildlife Shield",,https://www.wildlifeshield.ca/,16475603988,info@wildlifeshield.ca,4.9,78,,,,,,,,1,1,0,0,0,0,0,1,1,1,,,https://www.linkedin.com/company/wildlife-shield,https://www.youtube.com/channel/UC5phLzckdpcOE4rIXjKY-vA,,"Animal control service",google,1,0,0
,"TruTech Pest & Wildlife Control Inc.",,https://www.trutechpestandwildlife.ca/,6472897378,info@trutechpestandwildlife.ca,,,,,,,228,,235,1,1,1,1,0,0,0,1,1,1,https://www.facebook.com/TruTechPestAndWildlifeControl/,,https://www.linkedin.com/company/trutech-pest-wildlife-control-inc/about/,,https://www.instagram.com/trutech_pest_wildlife_control/,"Pest Control Services",yellowpages-ca,1,0,0
New,"The Exterminators Inc. Pest Control","740 Broadview Ave, Toronto ON M4K 2P1",https://www.theexterminators.ca/,6474962211,info@theexterminators.ca,,,,,,,,,628,1,1,0,0,0,0,0,1,1,1,https://www.facebook.com/TheExterminatorsInc/,,https://www.linkedin.com/company/the-exterminators-inc.,,,,bing,1,0,0
New,"SOS Wildlife Control - Raccoon Removal Toronto Junction",,https://www.soswildlifecontrol.com/,16473615166,info@soswildlife.ca,4.2,5,,,,,,,,1,1,1,0,0,0,0,1,1,1,https://www.facebook.com/pages/SOS-Wildlife-Control/570891296264757?ref=tn_tnmn,https://twitter.com/soswildlife1,https://www.linkedin.com/company/sos-wildlife-control/,https://www.youtube.com/channel/UCj0nP_7GC8MkvkCuc6WyrDA,,"Pest control service",google,1,0,0
New,Rentokil,"99 Locke St Unit 1, Concord, ON L4K 0J2, Canada",https://www.rentokil.com/ca/about-rentokil/local-branches/toronto-on%3Futm_source%3Dgoogle%26utm_medium%3Dgbp%26utm_campaign%3Deg_listing_lg,16479050055,rentokil.com-admin@anonymised.email,4.8,1117,,,,,,,,0,0,0,0,0,0,0,0,1,0,,,https://www.linkedin.com/company/rentokil-na,,,"Pest control service",google,1,0,0
,"Quality Affordable Pest Control Toronto","350 Bay St., Toronto, ON M5H 2S6, Canada",http://qualityaffordablepestcontrol.ca,16475023950,contact@qualityaffordablepestcontrol.ca,4.9,284,,,,,152,,148,1,1,0,0,0,0,0,1,1,1,https://www.facebook.com/qapcservices/,,,,,"Pest control service",google,1,1,0
,"Quality Affordable Pest Control Pickering",,https://www.qualityaffordablepestcontrol.ca/locations/pest-control-pickering/,16475023950,qualityaffordablepestcontrol@gmail.com,4.8,103,,,,,,,148,1,1,0,0,0,0,0,1,1,1,https://www.facebook.com/qapcservices/,,,,,"Pest control service",google,1,0,0
,"Quest Pest Management Inc.","639 Dupont St, Toronto ON M6G 1Z4",https://www.qpm.ca/,4163215060,askntell@qpm.ca,5,8,,,,,,,704,1,1,0,0,0,0,0,1,1,1,https://www.facebook.com/QuestPestManagement,https://twitter.com/qpm_ca,https://www.linkedin.com/company/quest-pest-management-inc,https://www.youtube.com/user/questPestManagement,https://www.instagram.com/questpestmanagement/,,bing,1,0,0
,"Provincial Pest Control Toronto","940 College St Unit 1, Toronto, ON M6H 1A5, Canada",https://www.provincialpestcontrol.ca/locations/pest-control-toronto/,16472247378,service@provincialpestcontrol.ca,4.931,312,,,,,261,4,261,1,1,0,0,0,0,0,1,1,1,https://www.facebook.com/ProvincialPestControl,https://twitter.com/toronto_pest,https://www.linkedin.com/company/provincialpestcontrol,https://www.youtube.com/playlist?list=PLzjFDuknUPOEOy1san3XBLWKOI-efS4fX,https://www.instagram.com/provincialpestcontrol/,"Pest control service in Toronto, Ontario",google-places,1,0,0
,"Pigeon Tom","1802-3230 Yonge St, Toronto, ON M4N 2L4",https://www.pigeontom.ca/,4168403689,customerservice@pigeontom.ca,,,,,,,,,,1,1,1,0,0,0,0,1,1,1,https://www.facebook.com/pigeontom/,,https://www.linkedin.com/company/pigeon-tom,,https://www.instagram.com/pigeontom/?hl=en,"Bird Repellents, Barriers & Controls",yellowpages-ca,1,0,0
New,"PESTZONE PEST CONTROL","Private Address in Toronto, ON",https://www.pestzone.ca/,4164024110,,,,,,,,,,44,1,1,1,0,0,0,0,1,1,1,https://www.facebook.com/pestzonepestcontrol/,,,,,,bing,1,0,0
,"Pestend Pest Control Toronto","415 Oakdale Rd Unit: 223, North York, ON M3N 1W7, Canada",https://www.pestend.ca/,14163195880,info@pestend.ca,4.91,1398,,,,,256,,256,1,1,1,0,0,0,0,1,1,1,https://www.facebook.com/pestendpestcontroltoronto,,https://www.linkedin.com/company/pestend-inc,,,"Pest control service in Toronto, Ontario",google-places,1,0,0
,"Orkin Canada Pest Control","1361 Huntingwood Dr Unit #3, Scarborough, ON M1S 3J1, Canada",https://www.orkincanada.ca/locations/ontario/toronto-east/?utm_source=gbp&utm_medium=organic&utm_campaign=gbp-listing+&utm_content=toronto_east,8005704157,webmaster@orkincanada.ca,4.81,1477,,,,,4534,34,4500,1,1,1,1,0,0,0,1,1,0,https://www.facebook.com/OrkinCanada/,https://twitter.com/orkincanada/,https://www.linkedin.com/company/orkin-canada/,https://www.youtube.com/@Orkin.Canada?sub_confirmation=1,https://www.instagram.com/orkincanada/,"Pest control service in Toronto, Ontario",google-places,1,0,0
,"MOLD REMOVAL TORONTO LTD","156 Front St W #10B, Toronto, ON M5J 2L7, Canada",https://www.mouldexpertstoronto.com/,14165000869,MouldExpertsToronto@gmail.com,5,7,,,,,,,3,1,1,0,0,0,0,0,1,1,0,https://www.facebook.com/WaterDamageTorontoMoldRemoval/,https://twitter.com/gtarestoration1,https://www.linkedin.com/in/gtarestoration-company-821b6046/,https://www.youtube.com/@MoldRemediationGTARestoration,,"Water damage restoration service",google,1,0,0
New,"Guard More Pest Control Inc. - Wildlife (Raccoon & Squirrel) Control","93 Marjory Ave, Toronto, ON M4M 2Y5, Canada",http://guardmorepests.com,16477100481,contact@guardmorepests.com,5,104,,,,,,,80,1,1,0,0,0,0,0,1,1,0,https://www.facebook.com/61578349855127,,https://www.linkedin.com/company/guard-more-pest-control/,https://www.youtube.com/@GuardMorePestControl,https://www.instagram.com/guardmorepests/,"Pest control service",google,1,0,0
New,"GreenLeaf Pest Control - GTA","2 Toronto St, Toronto ON M5C 2B6",https://www.greenleafpestcontrol.com/,4169989473,info@greenleafpestcontrol.com,,,,,,,,2,400,1,1,1,0,0,0,0,1,1,1,https://www.facebook.com/GreenleafPestControl,https://twitter.com/greenleafpestca,https://www.linkedin.com/cws/share?url=https%3A%2F%2Fwww.greenleafpestcontrol.com%2Fbed-bugs%3Futm_source%3Dlinkedin%26utm_medium%26utm_campaign,https://www.youtube.com/user/GreenLeafPestControl,https://www.instagram.com/Greenleafpestcontrol/,,bing,1,0,0
,"Delta Pest Control",,https://www.deltapestcontrolservice.com/,4083894225,contact@deltapestcontrolservice.com,5,16,,,,,,,,0,0,0,0,0,0,0,0,1,0,,,,,,,google-places,1,0,0
,"Critter Control of Toronto (Downtown Toronto)",,https://www.crittercontrol.ca/,14376009713,,4.6,56,,,,,,,,1,1,1,0,0,0,0,1,1,1,https://www.facebook.com/CritterControlToronto/,https://twitter.com/crittercontrol,,https://www.youtube.com/user/crittercontrol,https://www.instagram.com/crittercontroltoronto/,"Pest control service",google,1,0,0
,"Critter Control of Toronto",,https://www.crittercontrol.ca/,4166882600,leads@crittercontrol.com,,,,,,,200,,209,1,1,1,0,0,0,0,1,1,1,https://www.facebook.com/CritterControlToronto/,https://twitter.com/crittercontrol,,https://www.youtube.com/user/crittercontrol,https://www.instagram.com/crittercontroltoronto/,"Pest Control Services",yellowpages-ca,1,0,0
,"Ak Chaarun Pest Control","8500 Leslie St, Thornhill, ON L3T 7M8",https://www.chaarunpestcontrol.ca/,6472341786,chaarunpestcontrol@gmail.com,,,,,,,,,,1,1,0,0,0,0,0,1,1,1,,,,,,"Pest Control Services",yellowpages-ca,1,0,0
,"Canadian Tire","839 Yonge St, Toronto, ON M4W 2H2, Canada",https://www.canadiantire.ca/en/store-details/on/toronto-yonge-church-on-150.html%3Futm_source%3Dgoogle%26utm_medium%3Dlss%26utm_content%3D150,14169259592,customerservice@canadiantire.ca,4,3249,,,,,,,,0,0,0,0,0,0,0,0,1,0,,,,,,"Department store",google,1,0,0
,"Canadian Tire","65 Dundas St W, Toronto, ON M5G 2C3, Canada",https://www.canadiantire.ca/en/store-details/on/toronto-eaton-centre-on-600.html%3Futm_source%3Dgoogle%26utm_medium%3Dlss%26utm_content%3D600,14169792025,PrivacyOffice@cantire.com,3.7,5677,,,,,418776,18175,13,0,0,0,1,0,0,0,0,1,0,,,https://www.linkedin.com/company/canadian-tire,,,"Department store",google,1,0,0
,"Bug Managers Pest Control","2404 Haines Road, Mississauga, ON L4Y 2B7",https://www.bugmanagers.com/,6473264888,info@bugmanagers.com,4.9,281,,,,,400,,400,1,1,0,1,0,0,0,1,1,1,https://www.facebook.com/BugManagers/,,https://www.linkedin.com/in/hirday-saigal-66ab9b169/,https://www.youtube.com/@BugManagersPestControl,https://www.instagram.com/bugmanagers/,"Pest Control Services",yellowpages-ca,1,1,0
,"Allphase Thermal Solutions Inc.","188 Coxwell Ave, Toronto, ON M4L 3B2, Canada",https://www.bedbugheatexterminator.com/service-areas/toronto-bed-bug-exterminators/,8554483331,info@bedbugheatexterminator.com,5,1,,,,,,,,1,1,0,0,0,0,0,1,1,1,,,,,,"Pest control service",google,1,0,0
New,"Halo Bed Bug Detection Dogs",,https://www.bedbugdetectiondogs.com/,12899064256,info@bedbugdetectiondogs.com,5,14,,,,,,,,1,1,0,0,0,0,0,1,1,0,,,,,,"Pest control service",google,1,0,0
,"Armour Pest Control","333 Adelaide St E, Toronto, ON M5A 4T4, Canada",http://armourpestcontrol.ca,16473722847,info@armourpestcontrol.ca,4.9,64,,,,,,,145,1,1,0,0,0,0,0,1,1,0,https://www.facebook.com/ArmourPestControlGTA,https://twitter.com/ArmourPestGTA,https://www.linkedin.com/company/armour-pest-control-gta/,,https://www.instagram.com/wix,"Pest control service",google,1,0,0
,"Addison Pest Control - Toronto Bed Bug Exterminator","41 Baldwin St, Toronto, ON M5T 1L1, Canada",https://www.addisonpestcontrol.com/?utm_source=google&utm_medium=organic&utm_campaign=gmb&utm_content=website,14166286963,help@addisonpestcontrol.com,4.91,1442,,,,,,,,1,1,1,0,0,0,0,0,1,0,,,,,http://www.instagram.com/addisonpestcontrol,"Pest control service in Toronto, Ontario",google-places,1,0,0
,"Accord Pest Control","304 Shady Glen Crescent Kitchener, ON N2R 0J9 Canada",https://accordpestcontrol.ca,6474691000,accordsince93@gmail.com,4.9,173,,,,,,,680,1,0,0,0,0,0,0,1,1,1,,,,,,"Schädlingsbekämpfung & Kammerjäger",yelp,1,0,0
,"Abell Pest Control Toronto","200 Tiffield Rd, Scarborough ON M1V 5J1",https://www.abellpestcontrol.com/en-CA/Locations/Scarborough,4162996400,info@abellgroup.com,,,,,,,11211,,11000,1,1,1,1,0,0,0,1,1,0,https://www.facebook.com/AbellPestControl,https://twitter.com/Abell_Pest,https://www.linkedin.com/company/abell-pest-control/,https://www.youtube.com/user/AbellUniversity,https://www.instagram.com/abellpest/,,bing,1,0,0
,"Abell Pest Control",,https://www.abellpestcontrol.com/en-CA?utm_source=ypca&utm_medium=iyp&utm_campaign=ypg,2267807192,fwithnall@abellpestcontrol.com,,,,,,,11231,,11000,1,1,1,1,0,0,0,1,1,0,https://www.facebook.com/AbellPestControl,https://twitter.com/Abell_Pest,https://www.linkedin.com/company/abell-pest-control/,https://www.youtube.com/user/AbellUniversity,https://www.instagram.com/abellpest/,"Pest Control Services",yellowpages-ca,1,0,0
,"Wasp Nest Removal",,https://waspnestremoval.ca/,16472641706,info@waspnestremoval.ie,4.2,11,,,,,,,,1,1,0,0,0,0,0,1,1,1,,,,,,"Pest control service",google,1,0,0
,"Universal Pest Control",,https://universalpestcontrol.ca/,16476139122,haki@universalpestcontrol.ca,4.6,7,,,,,,,,1,1,0,0,0,0,0,1,1,1,,,,,https://www.instagram.com/universalpestttcontrol/,"Pest control service",google,1,0,0
,"Ultimate Pest Solutions - Pest Control Toronto","69 Bellwoods Ave, Toronto, ON M6J 3N4, Canada",https://ultimatepestsolutions.ca/pest-control-toronto/,14378824242,info@ultimatepestsolutions.ca,4.999,99,,,,,23,2,23,1,1,0,0,0,0,0,1,1,1,https://www.facebook.com/people/Ultimate-Pest-Solutions/100077322721473/,,,https://www.youtube.com/@UltimatePestSolutions-Toronto,https://www.instagram.com/ultimate_pest_solutions/,"Pest control service in Toronto, Ontario",google-places,1,0,0
,"Bed Bug Exterminator Toronto","365 Bay St, Toronto, ON M5H 2V1",https://toppestkillers.ca/,6474925119,support@toppestkillers.ca,,,,,,,,,3,1,0,0,0,0,0,0,1,1,0,,,,,,"Pest Control Services",yellowpages-ca,1,0,0
,"Right choice Roofing and repair","2036 Dufferin St, York, ON M6E 3R6, Canada",https://rightchoiceroofing.ca/,14166518111,frankj.gillis@gmail.com,4.9,89,,,,,499,,502,0,0,0,0,0,0,0,1,1,0,,,,,,"Pest control service",google,1,1,0
,"Relief Pest Control","121 Trudelle St, Scarborough ON M1J 3K4",https://reliefpestcontrol.ca/,4379855552,info@reliefpestcontrol.ca,5,177,,,,,147,,189,1,1,0,1,0,0,0,1,1,1,https://www.facebook.com/Reliefpestcontrol/,,,,,,bing,1,0,0
,"Promax Pest Control Toronto","796 Carlaw Ave, Toronto, ON M4K 3L2, Canada",https://promaxpestcontrol.ca/,16472390762,promax-pest@outlook.com,5.017,166,,,,,,,9,1,1,1,0,0,0,0,1,1,1,,https://twitter.com/intent/tweet?text=Why+Promax+Pest+Control+is+a+Special+Business%3A+Unmatched+Services+and+Opportunities&url=https%3A%2F%2Fpromaxpestcontrol.ca%2Four-mission-pest-control-near-me%2F,,,https://www.instagram.com/promaxpestcontrol/,"Pest control service in Toronto, Ontario",google-places,1,0,0
,"Pro Max Restoration of Downtown","154 Huron St, Toronto, ON M5T 2B4, Canada",https://pro-maxrestoration.ca/,14165772877,info@pro-maxrestoration.ca,5,10,,,,,,,1000,1,1,1,0,0,0,0,1,1,0,https://www.facebook.com/promaxrestoration,,https://www.linkedin.com/company/pro-max-restoration/,,https://www.instagram.com/promaxrestoration.ca/,"Water damage restoration service",google,1,0,0
,"Pigeon Control Toronto",,https://pigeoncontroltoronto.ca/,14165604827,info@pigeoncontroltoronto.ca,5,376,,,,,54,,56,1,1,0,0,0,0,0,1,1,1,https://www.facebook.com/people/Pigeon-Control-Toronto/61552759486794/,,https://www.linkedin.com/in/pigeon-control-toronto/,https://www.youtube.com/@PigeonControlToronto,https://www.instagram.com/pigeoncontroltoronto/,"Pest control service",google,1,1,0
,"PESTY Pest Control",,https://pesty.ca/,4375235571,info@pesty.ca,,,,,,,,,,0,0,0,0,0,0,0,0,0,0,,,,,,"Pest Control Services",yellowpages-ca,1,0,0
,"Pest UnHABITAT",,https://pestunhabitat.com/,16473944743,seb@pestunhabitat.com,5,35,,,,,,,92,1,1,0,0,0,0,0,0,1,0,https://www.facebook.com/Pest-Unhabitat,,,,,"Pest control service",google,1,0,0
New,"Affordable Pest n Weed Control",,https://pestnweedcontrol.ca/,2267932513,pestnweedcontrol@gmail.com,,,,,,,,,17,1,1,0,0,0,0,0,1,1,0,https://www.facebook.com/Affordable,,,,https://www.instagram.com/Affordable_pest_n_weed_control,"Pest Control Services",yellowpages-ca,1,0,0
,"Pestline - Pest Control Toronto","27 Kidd Terrace, North York, ON M3J 3S9, Canada",https://pestline.ca/,14165671135,info@pestline.ca,5.014,145,,,,,,,,1,1,0,0,0,0,0,1,1,1,,,,,,"Pest control service in Toronto, Ontario",google-places,1,0,0
,"Pestigone Pest Control Services Inc",,https://pestigone.ca/,6478487777,contact@pestigone.ca,,,,,,,,,,1,1,0,0,0,0,0,1,1,1,,,,,,"Pest Control Services",yellowpages-ca,1,0,0
,"Pestigo Pest Control Toronto","7 Crescent Pl, East York, ON M4C 5L7, Canada",https://pestigo.ca/?utm_source=google_profile&utm_campaign=localo&utm_medium=mainlink,14164172242,info@pestigo.ca,5.054,539,,,,,2,,2,1,1,1,1,0,0,0,1,1,1,https://www.facebook.com/pestigobrampton,,,https://www.youtube.com/embed/tU3wU2YrfG8?feature=oembed?playlist=tU3wU2YrfG8&mute=0&autoplay=0&loop=no&controls=0&start=0&end=,https://www.instagram.com/pestigopestcontrol?igsh=MTkxYXc4eGRjcGQzYQ==,"Pest control service in Toronto, Ontario",google-places,1,0,0
,"Pesterminate Inc","3098 Danforth Ave, Scarborough ON M1L 1B1",https://pesterminate.ca/,6479565868,info@pesterminate.ca,4.8,46,,,,,,,20,1,1,1,0,0,0,0,1,1,0,https://www.facebook.com/pesterminatepestcontrol/,https://twitter.com/PestControl0008/status/1637788217297752069,,https://www.youtube.com/channel/UC0AcRj2bwsDVhaEM_3WhphQ,https://www.instagram.com/pesterminate5/,,bing,1,0,0
,"Pest Control Toronto",,https://pestcontroltoronto.ca/,14163215060,roofi_ca@yahoo.com,5,3,,,,,115,,151,1,1,0,0,0,0,0,1,1,1,https://www.facebook.com/pages/Pest-Control-Toronto-ca/147973372022644,https://twitter.com/PestLessToronto,,https://www.youtube.com/c/PestControlTorontoCA,https://www.instagram.com/pestcontroltoronto.ca/,"Pest control service",google,1,0,0
,"Pest Control Pro Toronto","2482 Dufferin St, York, ON M6B 3R1, Canada",https://pestcontrolpro.ca/,16474711332,info@pestcontrolpro.ca,5.011,108,,,,,18,5,18,1,1,1,0,0,0,0,1,1,1,https://www.facebook.com/people/Pest-Control-Pro/61562119690801/,,https://www.linkedin.com/company/pest-control-pro-toronto/,https://www.youtube.com/@PestControlPro,https://www.instagram.com/pest.controlpro/,"Pest control service in Toronto, Ontario",google-places,1,0,0
,"Pest Control Plus",,https://pestcontrolplus.ca/,16473708325,info@pestcontrolplus.ca,4,183,,,,,,,,1,1,1,0,0,0,0,1,1,0,,,,,,"Pest control service",google,1,0,0
,"Mirak Pest Control","1322 Hamman Way, ON L9E 1L5",https://mirakpestcontrol.ca/,4163164987,mirakpestcontrol@gmail.com,,,,,,,,,8,1,1,0,0,0,0,0,1,1,1,https://www.facebook.com/Mirak-Pest-Control-102261401846143,https://twitter.com/MirakPest,,,https://www.instagram.com/mirakpestcontrol/,"Pest Control Services",yellowpages-ca,1,1,0
,"LawnSavers Plant Health Care - Lawn Care Services Toronto","160 Cidermill Ave Unit 14, Vaughan, ON L4K 4K5, Canada",https://lawnsavers.com/?utm_source=GMB&utm_medium=WebsiteField,19057079994,serviceplease@lawnsavers.com,4.8,883,,,,,689,21,714,1,1,1,1,0,0,0,1,1,1,http://www.facebook.com/lawnsavers,https://twitter.com/intent/tweet?text=LawnSavers%20Plant%20Health%20Care%20Inc.&url=https%3A%2F%2Fwww.itrustlocal.com%2Flisting%2Flawnsavers-plant-health-care-inc%2F,http://www.linkedin.com/shareArticle?mini=true&url=https%3A%2F%2Fwww.itrustlocal.com%2Flisting%2Flawnsavers-plant-health-care-inc%2F,https://www.youtube.com/watch?v=VJ2aCA6WEBY,instagram.com/lawnsavers,"Lawn care service in Vaughan, Ontario",google-places,1,0,0
,"Insectica Pest Control Inc","3304 Danforth Ave, Scarborough, ON M1L 1C4",https://insecticapestcontrol.ca/,6473133319,info@insectica.ca,,,,,,,,,,1,1,1,0,0,0,0,1,1,1,,,,,,"Pest Control Services",yellowpages-ca,1,0,0
,"GTA Toronto Pest Control - Beaches",,https://gtatorontopestcontrol.com/%3Futm_source%3DGMB%26utm_medium%3DOrganic%26utm_campaign%3DToronto_Martin,16479539691,info@gtatorontopestcontrol.ca,,,,,,,,,,1,1,1,0,0,0,0,1,1,1,https://www.facebook.com/GTA-Toronto-Pest-Control-145208479403112/,,https://ca.linkedin.com/company/gta-toronto-pest-control,https://www.youtube.com/channel/UCqEYevWZQu8GgUppE9H3OFA,https://www.instagram.com/gtatorontopestcontrol/,"Pest control service",google,1,0,0
,"Four Seasons Wildlife Removal - Squirrel | Bird, Raccoon Removal Toronto","88 Cedarcrest Blvd, East York, ON M4B 2P3, Canada",https://fourseasons-wildliferemoval.com/,14167619777,,4.1,31,,,,,,,,0,0,0,0,0,0,0,0,0,0,,,,,,"Pest control service",google,1,0,0
,"Toronto Emergency Pest Control",,https://emergencypestcontrol.ca/,16479301407,contact@emergencypestcontrol.ca,5,2,,,,,,,209,1,1,1,0,0,0,0,1,1,1,https://www.facebook.com/Emergency-Pest-Control-1825322597736008,,,https://www.youtube.com/channel/UC8GJDk25yAr-FBow5fPArRw,https://www.instagram.com/emergencypestcontrol337/,"Pest control service",google,1,0,0
,"East York Pest Control","455 Danforth Ave, Toronto ON M4K 1P1",https://eastyorkpestcontrol.ca/,6472438195,eastyorkpest123@gmail.com,,,,,,,,,,1,0,1,0,0,0,0,1,1,1,,,,,,,bing,1,1,0
,"BuzzGuard of Toronto",,https://buzzguard.com/,13433081963,admin@buzzguard.com,5,20,,,,,,,,1,1,0,0,0,0,0,0,1,0,,,,,,"Pest control service",google,1,0,0
New,"BHT Mosquito Control","75 E Liberty St, Toronto, ON M6K 3R3, Canada",https://bhtmosquitocontrol.ca/,14169953383,info@bhtmosquitocontrol.ca,5,4,,,,,,,2,1,1,0,0,0,0,0,1,1,1,https://www.facebook.com/BHTmosquitocontrol/,,https://www.linkedin.com/in/bht-mosquito-control-629058390/,,https://www.instagram.com/bhtmosquitocontrol/,"Pest control service",google,1,0,0
,"Bestpest Canada - Pest Control Toronto","2 Shale Gate, North York, ON M3J 2Y8, Canada",https://bestpest.ca/,19053037223,info@bestpest.ca,5.042,424,,,,,,,5,1,1,0,0,0,0,0,1,1,1,https://www.facebook.com/bestpestcanada,https://mobile.twitter.com/bestpestcanada,,,https://www.instagram.com/bestpest.ca/,"Pest control service in Toronto, Ontario",google-places,1,0,0
,"Toronto Bed Heat Quest Ltd",,https://bedbugheatquest.com/,16472785370,,5,1,,,,,,,,0,0,0,0,0,0,0,0,0,0,,,,,,"Pest control service",google,1,0,0
,"Aquamaster Basement Waterproofing Toronto","371 Front St W Ste 247, Toronto, ON M5V 3S8, Canada",https://aquamasterplumbing.com/basement-waterproofing-toronto/,16478466367,info@aquamasterplumbing.com,4.9,268,,,,,63,,68,1,1,0,0,0,0,0,1,1,1,https://www.facebook.com/people/Aquamaster-Waterproofing/61559261372775/,,,https://www.youtube.com/@aaquamaster2328,https://www.instagram.com/aquamasterwaterproofing/,"Waterproofing service",google,1,1,0
,"All In One Pest Control Toronto","80 John Tabor Trail, Scarborough, ON M1B 2V2, Canada",http://aiopestcontrol.com,14168770947,info@aiopestcontrol.com,5,390,,,,,38,,54,1,1,0,0,0,0,0,1,1,1,https://www.facebook.com/aiopestcontrol,https://twitter.com/intent/tweet?url=https%3A%2F%2Faiopestcontrol.com%2Fexpert-wasp-nest-removal-in-markham-fast-safe-reliable-services%2F&text=Expert%20Wasp%20Nest%20Removal%20in%20Markham%3A%20Fast%2C%20Safe%20%26%20Reliable%20Services,https://www.linkedin.com/in/all-in-one-pest-control/,,https://www.instagram.com/aio.pestcontrol/,"Pest control service",google,1,0,0
,"Advantage Pest Control Inc","5-1261 Kennedy Rd, Scarborough, ON M1P 2L4",https://advantagepestcontrol.co/,4166283391,info@advantagepestcontrol.co,,,,,,,512,5,510,1,1,0,0,0,0,0,1,1,0,https://www.facebook.com/advantagepestcontrolinc,https://twitter.com/pestservices,,https://www.youtube.com/channel/UC2avyxicsQZ1FGCRJLpJCUA,https://www.instagram.com/advantagepestcontrol/,"Pest Control Services,Wildlife & Animal Control",yellowpages-ca,1,0,0
,"360 Wildlife Control Inc.",,https://360wildlife.com/,8666762228,info@360wildlife.com,5,4,,,,,,,,1,1,0,0,0,0,0,1,1,1,https://www.facebook.com/360wildlife,,,https://www.youtube.com/@RayNazerTorontoWildlifeRemoval/videos,,"Pest control service",google,1,0,0
,"Vanish pest control Inc - Newmarket","132 Septonne Avenue, Newmarket, ON L3Y 2W3",http://www.vanishcanada.com/,4374362831,info@vanishcanada.com,,,,,,,,,205,1,0,0,0,0,0,0,1,1,0,,,,,,"Pest Control Services",yellowpages-ca,1,1,0
,"Urijah International","1025 Rangeview Road Mississauga, ON L5A 1A3",http://www.urijahinternational.info,8009484052,landscaping@urijahinternational.info,5,7,5,1,,,,,,1,1,0,0,0,0,0,1,1,0,,,,,,"Lawn Services,Pest Control,Snow Removal",yelp,1,0,0
,"TSR Pest Control and Wildlife Removal Toronto","3683 Bathurst St Unit 2, Toronto, ON M6A 2E6, Canada",http://www.tsrpestcontrol.ca/,14162683408,tsrpestcontrol@gmail.com,4.968,682,,,,,,,189,1,1,0,0,0,0,0,1,1,0,facebook.com/tsrpest,http://twitter.com/share?url=https://www.tsrpestcontrol.ca/1/post/2026/03/skunks-living-under-a-house-in-toronto-humane-removal-baby-rescue-and-long-term-prevention.html,,//youtube.com/c/tsrpestcontrol,,"Pest control service in Toronto, Ontario",google-places,1,0,0
New,"Team Wildlife",,http://www.teamwildlife.ca/,16474537161,,4.9,63,,,,,,,,1,1,0,0,0,0,0,1,1,1,,,,,,"Animal control service",google,1,0,0
,"SWAT Wildlife","278 St Clarens Avenue Toronto, ON M6H 3W3",http://www.swatwildlife.com,14167925181,info@swatwildlife.com,,,4,7,,,3,,3,1,1,1,0,0,0,0,1,1,1,https://www.facebook.com/profile.php?id=61570378873567,https://twitter.com/swatwildlife,,https://www.youtube.com/channel/UCzLueSkHKdcbFQoqRK455rQ,https://www.instagram.com/swatwildlife/,"Pest Control,Roofing,Wildlife Control",yelp,1,0,0
,"Revenge Pest Control","52 Van Stassen Blvd, York, ON M6S 2N5, Canada",http://www.revengepestcontrol.ca/,14169127955,info@revengepestcontrol.ca,3.7,3,,,,,,,,1,1,0,0,0,0,0,1,1,1,,,,,,"Pest control service",google,1,0,0
,"Pest Warriors Ltd",,http://www.pestwarriors.ca/,8557992763,contact@pestwarriors.ca,4.8,46,,,,,,,,1,0,0,0,0,0,0,1,1,0,,,,,,"Pest control service",google,1,0,0
,"Pest Pro Canada","20 Packard Blvd, Scarborough, ON M1P 4K1",http://www.pestprocanada.com/,4167105296,info@pestprocanada.com,,,,,,,,,,0,0,0,0,0,0,0,0,0,0,,,,,,"Pest Control Services",yellowpages-ca,1,0,0
,"Pesticon Pest Control Inc","55 Faulkner Cres, North York, ON M9M 2B9",http://www.pesticon.com/,4168391097,info@pesticon.com,,,,,,,717,,717,0,0,0,1,0,0,0,1,1,0,,,,,,"Pest Control Services",yellowpages-ca,1,0,0
,"Pest Care Guy",,http://www.pestcareguy.ca/,2266005116,,,,,,,,,,,0,0,0,0,0,0,0,0,0,0,,,,,,"Pest Control Services",yellowpages-ca,1,0,0
,"Mr. EXTERMINATOR TORONTO",,http://www.mrexterminator.ca/,16474067378,info@mrexterminator.ca,5,1,,,,,,,,0,0,0,0,0,0,0,1,1,0,,,,,,"Pest control service",google,1,0,0
,"Metro King Pest Control Inc","ON M4H 1J6",http://www.metrokingpc.ca/,6478666545,info@metrokingpc.ca,,,,,,,,,2700,1,1,0,0,0,0,0,1,1,1,https://web.facebook.com/Metro.King.Pest.Control.Inc,,,,,"Pest Control Services",yellowpages-ca,1,0,0
,"Maple Pest Control Inc","146 Boom Rd, Maple, ON L6A 3X9",http://www.maplepest.com/,4165208575,info@maplepest.com,,,,,,,61,3,60,1,1,0,0,0,0,0,1,1,1,https://www.facebook.com/people/Maple-Pest/100067957668060/#,,,https://www.youtube.com/channel/UChE0WvQX0x7ttFH5uFb0VoA/videos,,"Pest Control Services",yellowpages-ca,1,0,0
,"Just Bugs Inc","30 Woodchuck Crt, Maple, ON L6A 4C8",http://www.justbedbugs.ca/,6476692847,mikecardaci@gmail.com,,,,,,,,,,0,0,0,0,0,0,0,0,0,0,,,,,,"Pest Control Services",yellowpages-ca,1,0,0
,"Homepro Pest Control","88 St Regis Crescent Unit B, North York, ON M3J 1Y8, Canada",http://www.homepropestcontrol.ca/,14164887378,service@homepropestcontrol.ca,4.92,2007,,,,,,,39,1,1,1,0,0,0,0,1,1,1,https://www.facebook.com/HomeProPestControl.ca/,https://twitter.com/homepropest_on,https://www.linkedin.com/company/homepropestcontrol,,https://www.instagram.com/homepropestcontrol.ca/,"Pest control service in Toronto, Ontario",google-places,1,0,0
,"PPM Bed Bug Experts & Monitoring","31 Pringle Dr, Belleville, ON K8P 2L2",http://www.gtabedbugs.com/,18889302847,,,,,,,,,,,0,0,0,0,0,0,0,0,0,0,,,,,,"Pest Control Services",yellowpages-ca,1,0,0
,"Exterminex & Son Pest Control Inc. Established 1974",,http://www.exterminex.ca/,14165372158,exterminexpc@gmail.com,5,28,,,,,,,,1,1,0,0,0,0,0,1,1,0,http://www.facebook.com/exterminexandsonpestcontrol&nbsp,,https://www.linkedin.com/exterminexpc,,https://www.instagram.com/exterminexpc,"Pest control service",google,1,0,0
,"Essen Services",,http://www.essenpestcontrol.com/,4168177378,info@essenpestcontrol.com,,,,,,,271,,264,1,1,0,0,0,0,0,1,1,0,https://www.facebook.com/essenpestcontrol,https://twitter.com/essenpest,https://www.linkedin.com/company/essen-pest-control/,,https://www.instagram.com/essenpestcontrol/,"Pest Control Services",yellowpages-ca,1,0,0
,"Epro Pest Control","74 Harpreet Circle Toronto, ON M9W 0E2 Canada",http://www.epropestcontrol.com,4168343789,info@epropestcontrol.ca,5,29,4.5,8,,,,,,0,0,0,0,0,0,0,1,1,0,,,,,,"Schädlingsbekämpfung & Kammerjäger",yelp,1,0,0
,"Critter Cop Wildlife Removal",,http://www.crittercop.net/,7057227700,,,,,,,,,,,0,0,0,0,0,0,0,0,0,0,,,,,,"Pest Control Services",yellowpages-ca,1,0,0
,"Complete Wildlife Services Inc",,http://www.completewildlifeservices.com/,4168797676,,,,,,,,,,,0,0,0,0,0,0,0,0,0,0,,,,,,"Wildlife & Animal Control",yellowpages-ca,1,0,0
,"BugsPro Pest Control Inc.",,http://www.bugspropestcontrol.ca/,16477838315,info@bugspropestcontrol.ca,5,15,,,,,,,,1,1,0,0,0,0,0,0,1,0,,,,,,"Pest control service",google,1,0,0
,"Big Bear Pest Control",,http://www.bigbearpestcontrol.ca/,7059701982,,,,,,,,,,,0,0,0,0,0,0,0,0,0,0,,,,,,"Pest Control Services",yellowpages-ca,1,0,0
,"Bedbugs Treatments","180 West Beaver Creek Road Richmond Hill, ON L4B 1B4 Canada",http://www.bedbugstreatments.ca,6475096677,info@bedbugstreatments.ca,,,,,,,,,,1,1,1,0,0,0,0,1,1,1,,,,,,"Schädlingsbekämpfung & Kammerjäger",yelp,1,0,0
,"Bed Bug Exterminator Pro","1435 Bloor St W, Toronto, ON M6P 3L6",http://www.bedbugexterminatorpro.ca/,6478468765,info@bedbugexterminatorpro.ca,,,,,,,,,,1,1,1,0,0,0,0,1,1,1,,,,,,"Pest Control Services",yellowpages-ca,1,0,0
,"Atlanta Pest Control & Wildlife Removal Ltd","61 Denvale Rd, East York, ON M4B 3B3",http://www.atlantapestcontrolandwildlife.ca/,4163914444,atlantapest@bell.net,,,,,,,,,,1,1,0,0,0,0,0,1,1,0,,,,,,"Pest Control Services",yellowpages-ca,1,0,0
,"Apex Environmental - Pest & Termite Control","1200 Bay St. Suite # 1201, Toronto, ON M5R 2A5, Canada",http://apexenv.ca,14168880828,info@apexenv.ca,5,74,,,,,,,,0,0,0,0,0,0,0,0,0,0,,,,,,"Pest control service",google,1,0,0
,"All Wildlife Removal","656 King Road Burlington, ON L7T 3K4 Canada",http://www.allwildlife.ca/,9056317378,paul@allwildlife.ca,,,4.5,2,,,3965,78,3700,0,0,0,0,0,0,0,0,0,0,,,,,,"Schädlingsbekämpfung & Kammerjäger",yelp,1,0,0
,"All-Pest Control Services","102 Bronte Road Oakville, ON L6L 6J5 Canada",http://www.allpest.ca,9058478977,,,,,,,,,,,1,1,0,0,0,0,0,1,1,0,https://www.facebook.com/pages/All-Pest-Control-Services/119748124901411,https://twitter.com/ALLPEST_CONTROL,,https://www.youtube.com/watch?v=qcEPfdLaLf0,,"Schädlingsbekämpfung & Kammerjäger",yelp,1,0,0
,"Wildlife Removal Pro Toronto","500 Clinton St, Toronto, ON M6G 2Z4, Canada",http://wildliferemovalpro.ca,14169901167,info@wildliferemovalpro.ca,4.9,98,,,,,25,,26,1,0,0,0,0,0,0,1,1,0,,,,,,"Animal control service",google,1,0,0
,"AAA Professional Wildlife Control","110 Broadway Ave, Toronto, ON M4P 1V7, Canada",http://wildlifecontrolservice.ca,16472684522,,4.7,64,,,,,,,,1,1,0,0,0,0,0,1,1,0,,,,,,"Animal control service",google,1,0,0
,"Truly Nolen Pest Control & Exterminators Toronto","15 Lesmill Rd #5, North York, ON M3B 2T5, Canada",http://trulynolen.ca,14165100112,info@trulynolen.ca,4.1,20,,,,,,,,0,0,0,0,0,0,0,1,1,0,,,,,,"Pest control service",google,1,0,0
,"True North Pest Control",,http://truenorthpest.ca,14378001105,sales@truenorthpest.ca,4.9,42,,,,,,,,1,1,0,0,0,0,0,1,1,0,,,,,,"Pest control service",google,1,0,0
,"Toronto Pest Control",,http://torontopestcontrol.org,16478044096,,5,2,,,,,,,,1,0,0,0,0,0,0,1,1,0,,,,,,"Pest control service",google,1,0,0
,"Toronto Animal Exterminator","873 Jane St, York, ON M6N 4C4",,6476700726,,,,,,,,,,,0,0,0,0,0,0,0,0,0,0,,,,,,"Pest Control Services",yellowpages-ca,,0,0
,Terminix,"Unit #3, 29 Tandem Rd, Concord, ON L4K 3G1, Canada",http://terminix.ca,8888016348,safia.malick@terminix.com,4.2,892,,,,,233,,233,1,1,1,0,0,0,0,1,1,1,https://www.facebook.com/TerminixCanada/,,https://www.linkedin.com/company/terminix-canada,,,"Pest control service",google,1,0,0
,"Telos Pest Control","150 Cosburn Ave. Unit: 1303, East York, ON M4J 2L9, Canada",http://telospestcontrol.com/,14374603567,telospestcontrol@gmail.com,5.024,235,,,,,611,,603,0,0,0,0,0,0,0,0,0,0,,,,,,"Pest control service in Toronto, Ontario",google-places,1,0,0
,"Swift-X Pest Control",,http://swift-x.ca,16474782128,info@swift-x.ca,5,48,,,,,,,,1,1,0,0,0,0,0,1,1,1,,,,,,"Pest control service",google,1,0,0
,"Superior Pest Solutions","42 Industrial St, East York, ON M4G 1Y9, Canada",http://superiorpestsolutions.ca,14163120023,info@superiorpestsolutions.ca,4.6,7,,,,,,,,1,1,0,0,0,0,0,1,1,0,https://www.facebook.com/login/?next=https%3A%2F%2Fwww.facebook.com%2F,,https://www.linkedin.com/login,https://www.youtube.com/,https://www.instagram.com/accounts/login/?hl=en,"Pest control service",google,1,0,0
,"Speedy Pest Control","1606 Otterby Rd, Mississauga, ON L4X 1W7, Canada",http://speedypestcontrol.ca,16479652048,info@speedypestcontrol.ca,4.9,377,,,,,229,,227,1,1,1,0,0,0,0,1,1,1,https://www.facebook.com/speedypestcontrolCA/,,,,,"Pest control service",google,1,0,0
,"Standard Pest Control Services","883 O'Connor Dr, East York, ON M4B 2S7, Canada",http://spcinc.ca,14162856134,spc@spcinc.ca,2.8,17,,,,,,,28000,1,0,0,0,0,0,0,1,1,1,https://www.facebook.com/AutomatticInc,https://twitter.com/automattic,,,https://www.instagram.com/wordpressdotcom/,"Pest control service",google,1,0,0
New,"Smite A Mite | Bed Bug Heat Treatment","7711 Yonge St #201b, Markham, ON L4J 1W2, Canada",http://smiteamite.ca,16476998298,info@smiteamite.ca,4.9,209,,,,,,,4,1,1,1,0,0,0,0,1,1,1,https://www.facebook.com/smiteamite/,,https://www.linkedin.com/company/smite-a-mite/,,https://www.instagram.com/smiteamite/,"Pest control service",google,1,0,0
,"Sheridan Nurseries","2827 Yonge St, Toronto, ON M4N 2J4, Canada",http://sheridannurseries.com,14164816429,vstensson@sheridannurseries.com,4.3,810,,,,,,,,0,0,0,0,0,0,0,0,0,0,,,,,,"Garden center",google,1,0,0
New,"AAA Sande Wildlife Control","496 Main St, East York, ON M4C 4Y2, Canada",http://sandewildlifecontrol.com,14169026249,,5,573,,,,,,,,1,1,1,0,0,0,0,1,1,0,,,,,,"Pest control service",google,1,0,0
New,"Saba Pest Control & Wildlife Removal","17 Anndale Dr, North York, ON M2N 2W7, Canada",http://sabapestcontrol.com,16478677378,info@sabapc.ca,5,146,,,,,,,26,1,1,0,0,0,0,0,1,1,1,https://www.facebook.com/p/Saba-Pest-Control-Ltd-100063594760341/,,https://ca.linkedin.com/company/saba-pest-control-ltd,https://www.youtube.com/channel/UCDreFUJBxrhDeKHrpCI6OBQ,https://www.instagram.com/sabapestcontrol/,"Pest control service",google,1,0,0
,"Quality pest control Gta North york","27 Seeley Dr, North York, ON M3M 2V8, Canada",http://qualitypestcontrolgta.ca,16473616482,info@qualitypestcontrolgta.ca,5,2,,,,,,,6,1,1,0,0,0,0,0,1,1,1,https://facebook.com/qualitypestcontrolgta,https://twitter.com/qpc_gta,,https://www.youtube.com/@QualityPestControlGTA/,http://www.instagram.com/Qualitypestcontrolgta,"Pest control service",google,1,1,0
New,"Pro Pest Corporation.","1050 Eastern Ave Unit 805, Toronto, ON M4L 0B7, Canada",http://pro-pest.ca,14164874179,info@pro-pest.ca,4.7,26,,,,,,,,0,0,0,0,0,0,0,0,1,0,,,,,,"Pest control service",google,1,0,0
New,"Power Pest Control Toronto","4646 Dufferin St, North York, ON M3H 5S4, Canada",http://powerpestcontrol.ca,16477087378,info@powerpestcontrol.ca,4.9,167,,,,,,,,1,1,1,0,0,0,0,1,1,1,https://www.facebook.com/pages/Power-Pest-Control/543472129081594,https://twitter.com/PowerPestContro,https://www.linkedin.com/pub/power-pest-control/8a/7a2/4a,https://www.youtube.com/channel/UCLZH2QjFW62GPBD0_e7hl9g,,"Pest control service",google,1,0,0
,"Positec Pest Control & Wildlife Removal","425 Palmerston Blvd, Toronto, ON M6G 2N7, Canada",http://positec.org,16475547378,info@positec.org,4.5,19,,,,,,,,1,1,0,0,0,0,0,1,0,1,,,,,,"Pest control service",google,1,0,0
,"Pest Solution Services","27 Helmsdale Crescent, Etobicoke, ON M9V 3X8, Canada",http://pestsolutionservices.ca,14164517659,info@pestxperts.ca,4.8,71,,,,,14,,16,1,0,0,0,0,0,0,1,1,0,,,,,,"Pest control service",google,1,0,0
,"Advantage Pest Control",,http://pestservices.ca/,4166574255,paolo@pestservices.ca,,,,,,,517,5,510,1,0,1,0,0,0,0,0,1,0,https://www.facebook.com/advantagepestcontrolinc/,https://twitter.com/pestservices,,https://www.youtube.com/channel/UC2avyxicsQZ1FGCRJLpJCUA,https://www.instagram.com/advantagepestcontrol,"Pest Control Services,Wildlife & Animal Control",yellowpages-ca,1,0,0
New,"Pest Removal Toronto","1780 Dufferin St, Toronto, ON M6E 3P4, Canada",http://pestremovaltoronto.ca,16478027378,services@pestremovaltoronto.ca,5,52,,,,,,,,1,0,0,0,0,0,0,1,1,0,,,,,,"Pest control service",google,1,0,0
,"Pest Protection Plus Inc.","6355 Kennedy Rd Unit 12a, Mississauga, ON L5T 2S8, Canada",http://pestprotectionplus.com,8885105277,info@pestprotectionplus.com,4.9,1103,,,,,,80,894,1,1,1,0,0,0,0,1,1,1,https://www.facebook.com/pestproplus,,,https://www.youtube.com/channel/UCny26irAdR8-M8lol63OU1g,https://www.instagram.com/pestproplus/,"Pest control service",google,1,0,0
,"PESTONG Pest and Animal Control Inc | Pest Control","399 Markham Rd, Scarborough, ON M1J 3C9, Canada",http://pestong.ca,16479147378,info@pestongpestcontrol.com,5,469,,,,,,,17,1,1,0,0,0,0,0,1,1,1,https://www.facebook.com/PestongPestAndAnimalControlInc,https://twitter.com/PestongI,,,,"Pest control service",google,1,0,0
,"Pestine Pest Control Toronto","2 Sheppard Ave E 20th Floor, North York, ON M2N 5Y7, Canada",http://pestinepestcontrol.com,16476867478,pestinepest@gmail.com,5,8,,,,,64,2,64,1,1,1,0,0,0,0,1,1,1,https://facebook.com/Pestine.Pest.Control,https://twitter.com/name,,,https://instagram.com/name,"Pest control service",google,1,0,0
,"Pestico Canada Inc.","96 Wickson Tr, Scarborough, ON M1B 1P3, Canada",http://pestico.ca,14167477378,info@pestico.ca,4.8,52,,,,,,,,1,1,1,0,0,0,0,1,1,1,https://www.facebook.com/TorontoPestControl/,https://twitter.com/pestcontrolTO,https://www.linkedin.com/company/78760682,,https://www.instagram.com/pesticoca/,"Pest control service",google,1,0,0
New,"Pest Free Canada",,http://pestfreecanada.ca,16479671295,pestfreecanada@gmail.com,5,38,,,,,,,,1,1,0,0,0,0,0,1,1,0,,,,,,"Pest control service",google,1,0,0
,"Pestend Pest Control Mississauga","90 Burnhamthorpe Rd W #1400, Mississauga, ON L5B 3C3, Canada",http://pestendmississauga.ca,19054607378,,4.8,504,,,,,,,,1,1,1,0,0,0,0,1,1,1,,,,,,"Pest control service",google,1,0,0
,"Pest Control Jobs","740 Broadview Ave Unit D, Toronto, ON M4K 2P1, Canada",http://pestcontroljobs.ca,8005555555,info@pestcontroljobs.ca,,,,,,,,,,0,0,0,0,0,0,0,0,0,0,,,,,,"Employment agency",google,1,0,0
New,"PestClear Solutions - Pest Control Specialists","3390 Weston Rd, North York, ON M9M 2X3, Canada",http://pestclearsolutions.ca,16475714710,info@pestclearsolutions.ca,5,97,,,,,,,,1,1,0,0,0,0,0,0,1,0,,,,,,"Pest control service",google,1,0,0
,"PEOPLE'S PEST CONTROL INC.","146 Meandering Trail, Scarborough, ON M1B 6E6, Canada",http://peoplespestcontrol.ca,16474042562,info@peoplespestcontrol.ca,4.9,100,,,,,,,,1,0,0,0,0,0,0,1,1,1,,https://twitter.com/,,https://www.youtube.com/,,"Pest control service",google,1,0,0
New,"OneTek Pest Solutions - North York (Formerly ICE Wildlife Removal)","77 Quebec Ave Ste 932, Toronto, ON M6P 2T4, Canada",http://onetekpestsolutions.ca,14162462256,customercare@onetekpest.ca,3.5,13,,,,,,,60,1,1,1,1,0,0,0,1,1,1,https://www.facebook.com/OneTek-Pest-Solutions-107805144724306,,http://www.linkedin.com/company/onetek-pest-solutions-inc/about/,,https://www.instagram.com/onetekpestsolutions/,"Pest control service",google,1,0,0
,"Nimby Pest Management","2345 Yonge St, Toronto, ON M4P 2E5, Canada",http://nimby.ca,14169000854,info@nimby.ca,1,1,,,,,14,,14,0,0,0,0,0,0,0,0,0,0,,,,,,"Pest control service",google,1,0,0
,"NICE PEST CONTROL","133 Chatham Ave, Toronto, ON M4J 1K7, Canada",http://nicepestcontrol.ca,14169959877,info@nicepestcontrol.ca,5,1,,,,,,,,1,1,0,0,0,0,0,1,0,0,,,,,,"Pest control service",google,1,0,0
,"Mosquito Man Toronto","224 King St W #2401, Toronto, ON M5J 0A6, Canada",http://mosquitoman.ca,16472437241,info@mosquitoman.ca,4.8,1428,,,,,,,,1,1,1,0,0,0,0,1,1,1,,,,,https://www.instagram.com/mosquitomancanada/,"Pest control service",google,1,1,0
,"Max Pest Control",,http://maxpestcontrol.ca,16475006634,info@maxpestcontrol.ca,5,45,,,,,,,,1,0,0,0,0,0,0,1,1,0,https://www.facebook.com/maxpestcontrolGTA,https://twitter.com/MaxxPestControl,,,https://www.instagram.com/maxpestcontrol.ca/,"Pest control service",google,1,0,0
,"Lady Bug Pest Control","18 Leavenworth Cres, Etobicoke, ON M9C 1T5",http://ladybugpestcontrol.ca/,4162524888,lady.bug@bellnet.ca,,,,,,,,,,0,0,0,0,0,0,0,0,0,0,,,,,,"Pest Control Services",yellowpages-ca,1,0,0
,"IPM Pest Control Services","Toronto, ON",http://ipmgreen.ca/,4167053341,,,,,,,,,,,0,0,0,0,0,0,0,0,0,0,,,,,,"Pest Control Services",yellowpages-ca,1,0,0
New,"Imperial Pest Control","2001 Albion Rd #1, Etobicoke, ON M9W 6V6, Canada",http://imperialpestcontrol.ca,14167440102,info@imperialpestcontrol.ca,4.9,374,,,,,,,540,1,0,1,0,0,0,0,1,1,1,https://www.facebook.com/imperialpestcontrolcanada/,,https://www.linkedin.com/company/imperialpestcontrol/,https://www.google.com/url?q=https://www.youtube.com/@imperialpestcontrol&sa=D&source=docs&ust=1762338887121044&usg=AOvVaw0AZNKKUvNRmU9tymw1uIgJ,,"Pest control service",google,1,0,0
,"The HUG Group Pest Control","1154 Warden Ave. Suite 138, Scarborough, ON M1R 0A1, Canada",http://hugpestcontrol.ca,16472414235,hugpestcontrol@outlook.com,4.9,276,,,,,,,,1,1,0,0,0,0,0,1,1,1,,,https://www.linkedin.com/company/thehuggroup-torontopestcontrol,,,"Pest control service",google,1,0,0
New,"The HUG Group Pest Control","1154 Warden Ave. Ste 138, Scarborough, ON M1R 0A1, Canada",http://hugpestcontrol.ca,16472414235,info@demolink.org,4.9,276,,,,,,,,1,0,0,0,0,0,0,0,1,0,"https://www.facebook.com/WordCampUSA/\",\"https://twitter.com/hashtag/WP17?src=hashtag_click\"""","\"https://www.linkedin.com/company/wordcampeurope/\"","\"https://www.youtube.com/channel/UCaYQGYDpXpU4A17kxN-AgJQ\"","\"https://www.instagram.com/wordcampus/?hl=en\"","Pest control service",google,1,0,0
,"Hello pest control","345 Nugget Ave Unit 15, Scarborough, ON M1S 4J4, Canada",http://hellopestcontrol.ca,14375563606,info@hellopestcontrol.ca,5,277,,,,,,,,1,1,1,0,0,0,0,1,1,0,,,,,,"Pest control service",google,1,0,0
,"GTA Exterminators",,http://gtaexterminators.ca,16478494441,mail@gtaexterminators.ca,5,180,,,,,,,104,1,1,0,0,0,0,0,1,1,0,https://www.facebook.com/gtaexterminators,,,,,"Pest control service",google,1,0,0
,"Greeny's Pest Control Inc.",,http://greenyspestcontrol.com,16474907378,greenyspestcontrol@gmail.com,5,81,,,,,10,,27,1,1,0,0,0,0,0,1,1,0,facebook.com/sharer,,https://www.linkedin.com/company/greenys-pest-control-inc/?viewAsMember=true,https://www.youtube.com/channel/UCXFz--4GaqJcsg4USnSm0dA/featured,https://www.instagram.com/greenyspestcontrol/,"Pest control service",google,1,0,0
,"GO Pest Control","225 Bradwick Dr, Concord, ON L4K 1K7, Canada",http://gopestcontrol.ca,19058321988,info@gopestcontrol.ca,4.8,351,,,,,60,,456,1,1,0,0,0,0,0,1,1,1,https://www.facebook.com/gopestcontrol.ca,https://twitter.com/gopesttoronto,https://www.linkedin.com/company/go-pest-control-canada,https://www.youtube.com/channel/UCxblrvttzECuYPqrXA2ZGEA,https://www.instagram.com/gopestcontrol.ca/,"Pest control service",google,1,0,0
New,"Good Riddance Critters Ltd.","23 Wells Hill Ave, Toronto, ON M5R 3A5, Canada",http://goodriddancecritters.ca,14164809373,info@grcritters.ca,5,5,,,,,,,,1,1,0,0,0,0,0,0,1,0,,,,,https://www.instagram.com/goodriddancecritters/,"Pest control service",google,1,0,0
,"Aventis Pest Control","1200 Bay St. Suite # 1201, Toronto, ON M5R 2A5, Canada",http://goaventis.ca,14168880828,info@goaventis.ca,5,35,,,,,,,,1,1,0,0,0,0,0,1,1,0,https://www.facebook.com/apexenv/,https://twitter.com/apexenv,https://ca.linkedin.com/company/apexenvironmental,,https://www.instagram.com/apexenv.ca/,"Pest control service",google,1,0,0
New,"Gecko Pest Control",,http://geckopest.ca/,16477409813,,5,9,,,,,,,,1,1,0,0,0,0,0,1,1,0,,,,,,"Pest control service",google,1,1,0
,"Extreme Exterminators Inc.",,http://extremeexterminators.ca,16479990438,anapbm@gmail.com,5,19,,,,,,,,1,0,0,0,0,0,0,1,1,0,,,,,https://www.instagram.com/extremeexterminatorsinc,"Pest control service",google,1,0,0
,"Exterminex Pest Control Services","2007 Dundas St W, Toronto, ON M6R 1W7",http://exterminex-pestcontrol.ca/,4165372158,,,,,,,,,,,0,0,0,0,0,0,0,0,0,0,,,,,,"Pest Control Services",yellowpages-ca,1,0,0
,"Expert Pest Control","Toronto, ON M6M 1W6",http://expertpestcontrolinc.ca/,6472786730,,,,,,,,,,,0,0,0,0,0,0,0,0,0,0,,,,,,"Pest Control Services",yellowpages-ca,1,0,0
,"Everest Pest Control","757 Warden Ave. Unit 2, Scarborough, ON M1L 4B5, Canada",http://everestpest.ca,16472810004,info.everestpc@gmail.com,4.9,63,,,,,,,,1,0,0,0,0,0,0,1,1,0,,,,,,"Pest control service",google,1,0,0
New,"Dovercourt Village Pest Control",,http://dovercourtvillagepestcontrol.com/,16472691274,help@dovercourtvillagepestcontrol.com,5,11,,,,,,,,1,1,0,0,0,0,0,1,1,0,,,,,,"Pest control service",google,1,0,0
New,"CR Pest Control Services Inc",,http://crpestcontrol.ca,16478825240,crpestcontrolgta@gmail.com,5,114,,,,,,,,1,1,0,0,0,0,0,1,1,0,,,,,https://www.instagram.com/crpestcontrolservices/,"Pest control service",google,1,0,0
,"Contact Pest Control","3559 St St Clair Ave E, Scarborough, ON M1K 1L6, Canada",http://contactpestcontrol.ca,16473944856,info@contactpestcontrol.ca,4.8,178,,,,,,,,1,0,1,0,0,0,0,1,1,1,,,,,,"Pest control service",google,1,0,0
,"City Pest Control Inc","1825 Finch Ave W, Toronto, ON M3N 1M7, Canada",http://citypest.ca,14164102786,info@citypest.ca,4.7,63,,,,,,,64,1,1,1,0,0,0,0,1,1,1,https://www.facebook.com/share/19hVtpx4SS/,,,https://www.youtube.com/watch?v=Fq_Ti1Ttz5Q,https://www.instagram.com/citypestc?igsh=NTdrY3lxZGt4d3lj,"Pest control service",google,1,0,0
,"Cain Pest Control","3219 Young St, Toronto, ON M2N 2L3",http://cainpestcontrol.com/,4168764058,info@cainpestcontrol.com,,,,,,,,,,1,1,0,0,0,0,0,1,1,0,,,,,,"Pest Control Services",yellowpages-ca,1,0,0
,"Cain Pest & Wildlife Control","3219 Yonge St, Toronto, ON M4N 3S1",http://cainpestcontrol.com/,4167262964,ff724add629344f9b8c31466060387c3.protect@withheldforprivacy.com,,,,,,,,,,0,0,0,0,0,0,0,0,0,0,,,,,,"Pest Control Services",yellowpages-ca,1,0,0
,"Cain Pest Control Toronto","52 Mountfield Crescent, Thornhill, ON L4J 7E6, Canada",http://cainpestcontrol.ca,14168764058,,4,10,,,,,,,,1,1,0,0,0,0,0,1,1,0,,,,,,"Pest control service",google,1,0,0
,"Bugs Heat Terminator - Bed Bug & Pest Control Experts","2929 Bathurst St #102, York, ON M6B 3B1, Canada",http://bugsterminator.ca,16472108852,info@bugsterminator.ca,5,314,,,,,140,,157,1,1,1,0,0,0,0,1,1,1,https://www.facebook.com/bugsheatterminator/,,https://www.linkedin.com/in/davis-tutiven-71099313a/?originalSubdomain=ca,https://www.youtube.com/@bugsheat.terminator,https://www.instagram.com/bugsheatterminator/,"Pest control service",google,1,0,0
,"Bugs R Us","23 Wayland Ave, Toronto, ON M4E 3C6, Canada",http://bugsrus.ca,14163961515,michael@bugsrus.ca,4.5,31,,,,,,,,1,1,0,0,0,0,0,1,1,1,,,https://www.linkedin.com/company/bugsrus-ca,,https://www.instagram.com/bugsrusgta/,"Pest control service",google,1,0,0
,"Brampton Pest Control","5-1 Fairglen Ave, Brampton, ON L6X 5E8",http://bramptonpest.ca/,4165530933,,,,,,,,,,,0,0,0,0,0,0,0,1,0,0,,,,,,"Pest Control Services",yellowpages-ca,1,0,0
,"BestOkill Pest Control","46 Mayall Ave, North York, ON M3L 1E6, Canada",http://bestokill.com,14168363827,bestokill@hotmail.com,4.8,25,,,,,,,2600,1,0,0,0,0,0,0,1,1,1,https://www.facebook.com/sharer/sharer.php?u=https%3A%2F%2Fbestokill.com%2Fbed-bugs%2Fhow-landlords-can-prevent-bed-bug-outbreaks-in-apartment-building%2F&#039,,,,,"Pest control service",google,1,0,0
,"Bees & Pest Removal",,http://beesandpest.com/,4164108185,angelia9413@rogers.com,,,,,,,,,,1,1,0,0,0,0,0,1,1,0,,,,,,"Pest Control Services",yellowpages-ca,1,0,0
,"Bed bug patrol crew","145 Neptune Dr, Toronto, ON M6A 2Y4, Canada",http://bedbugpatrolcrew.ca,14379282019,amani@bedbugpatrolcrew.ca,4.9,68,,,,,,,,0,0,0,0,0,0,0,1,1,0,,,,,,"Pest control service",google,1,0,0
,"Bed Bug Heat Relief - Bed Bug Exterminator Toronto","103 Chartwell Rd, Etobicoke, ON M8Z 4G8, Canada",http://bedbugheatrelief.ca,16472056384,heatreliefontario@gmail.com,5,161,,,,,59,,58,1,1,1,0,0,0,0,1,1,1,https://www.facebook.com/BedBugsToronto/,,,,,"Pest control service",google,1,0,0
,"Axepest Canada - Pest Control Toronto","1715 Britannia Rd E, Mississauga, ON L4W 2A3, Canada",http://axepest.ca,19059024390,info@axepest.ca,5,58,,,,,137,,140,1,1,0,1,0,0,0,1,1,1,,,,,https://www.instagram.com/axepest_canada/,"Pest control service",google,1,0,0
New,"AVSM Pest Control","31 Vange Crescent, Etobicoke, ON M9V 3N6, Canada",http://avsmpestcontrol.ca,14169538714,info@avsmpestcontrol.ca,4.9,44,,,,,,,,1,0,0,0,0,0,0,1,1,0,,,,,,"Pest control service",google,1,0,0
New,"AR Pest Control Mississauga","6355 Kennedy Rd #1, Mississauga, ON L5T 2L5, Canada",http://arpestcontrol.ca,19056707378,info@arpestcontrol.ca,4.9,660,,,,,,,33,1,1,1,0,0,0,0,1,1,1,https://www.facebook.com/arpestcontrol.ca,,https://www.linkedin.com/company/ar-pest-control/,,https://www.instagram.com/ar.pestcontrol/,"Pest control service",google,1,0,0
,"Affordable Pest Control & Bee Removal","North York, ON M3M 1J7",http://apcbr.ca/,4165054641,,,,,,,,,,,0,0,0,0,0,0,0,0,0,0,,,,,,"Pest Control Services",yellowpages-ca,1,0,0
,"Actual Pest Control","17 Sunburst Square, Toronto, ON M1B 1R3, Canada",http://actualpestcontrol.com,16479685258,info@actualpestcontrol.com,5,101,,,,,,,,1,0,0,0,0,0,0,1,1,1,,https://twitter.com/,https://www.linkedin.com/company/actual-pest-control,,https://instagram.com/,"Pest control service",google,1,0,0
,"Swift-x Pest Control","201-247 Hillhurst Blvd, North York, ON M5N 1P3",,6474782128,,,,,,,,,,,0,0,0,0,0,0,0,0,0,0,http://www.facebook.com/37617,,https://www.linkedin.com/company/_____-endeavors-arts-and-events-by-rachel-wright,,,"Pest Control Services",yellowpages-ca,,0,0
,"Vitorino Pest Control","473 Caledonia Rd, York, ON M6E 4V1",,4167810213,,,,,,,,,,,0,0,0,0,0,0,0,0,0,0,http://www.facebook.com/122537141869741,,https://www.linkedin.com/company/_____-endeavors-arts-and-events-by-rachel-wright,,,"Pest Control Services",yellowpages-ca,,0,0
,"Canada Pest Control","11 Tinsmith St, Brampton, ON L7A 1N3",,9058407887,info@canadapest.ca,,,,,,,1934,,1900,1,0,0,0,0,0,0,1,0,1,http://www.facebook.com/870286593007215,https://twitter.com/CanadaPestca,https://www.linkedin.com/company/gyi,https://www.youtube.com/channel/UCecFQdPOT2YClwq-bgax0Rg,,"Pest Control Services",yellowpages-ca,,0,0
New,"Yaya Pest Control","40 Wynford Dr Unit 300A, North York, ON M3C 1J5, Canada",,16474707474,,5,1,,,,,,,,0,0,0,0,0,0,0,0,0,0,,,,,,"Pressure washing service",google,,0,0
,"E-Safe Pest Control",,,4169777378,,,,,,,,,,,0,0,0,0,0,0,0,0,0,0,http://www.facebook.com/780991275440311,,https://www.linkedin.com/company/_____-endeavors-arts-and-events-by-rachel-wright,,,"Pest Control Services",yellowpages-ca,,0,0
,"Humber Pest Control Services","2117 Lawrence Ave W, York, ON M9N 1H7",,6473431381,,,,,,,,,,,0,0,0,0,0,0,0,0,0,0,http://www.facebook.com/367882076627807,,https://www.linkedin.com/company/_____-endeavors-arts-and-events-by-rachel-wright,,,"Pest Control Services",yellowpages-ca,,0,0
,"911 Bed Bugs Extermination Toronto","2203-565 Sherbourne St, Toronto, ON M4X 1W7",,6478491005,,,,,,,,74,,74,0,0,0,0,0,0,0,0,0,0,https://www.facebook.com/911BedBugs/,,https://www.linkedin.com/company/gyi,,,"Pest Control Services",yellowpages-ca,,0,0
,"Minister Arch Pest Control Sherbrooke","280 Commissioners St, Toronto, ON M4M 1A4",,6048801170,,,,,,,,,,,0,0,0,0,0,0,0,0,0,0,,,,,,"Pest Control Services",yellowpages-ca,,0,0
New,"Reliable Pest Management","1468 Victoria Park Ave #108, North York, ON M4A 2M2, Canada",,16477074299,,4.6,10,,,,,,,,0,0,0,0,0,0,0,0,0,0,,,,,,"Pest control service",google,,0,0
,"Pest Control Toronto Exterminator","296-2967 Dundas St W, Toronto, ON M6P 1Z2",,6476968403,,,,,,,,,,,0,0,0,0,0,0,0,0,0,0,,,,,,"Pest Control Services",yellowpages-ca,,0,0
,"Eviction Pest Control","546 Main Street E Hamilton, ON L8M 1J1 Canada",,2892448991,,,,1,1,,,,,,0,0,0,0,0,0,0,0,0,0,,,https://www.linkedin.com/company/eviction-pest-control,,,"Schädlingsbekämpfung & Kammerjäger",yelp,,0,0
,"Mountain Pest Control",,,18883366387,,,,,,,,,,,1,1,0,0,0,0,0,1,1,0,,,,,,"Pest Control Services",yellowpages-ca,,0,0
,"Madison Photo Murals Ltd","272 Richmond St E, Toronto, ON M5A 1P4",,4163688717,,,,,,,,,,,0,0,0,0,0,0,0,0,0,0,,,,,,"Pest Control Services",yellowpages-ca,,0,0
,"U & B Pest & Termite Control","1625 Bayview Ave, East York, ON M4G 3B5, Canada",,16476948920,,4.4,8,,,,,,,,0,0,0,0,0,0,0,0,0,0,,,,,,"Pest control service",google,,0,0
,"Icon Wildlife Removal & Pest Control","2201 - 250 Yonge St, Toronto, ON M5B 2L7",,6473259060,,,,,,,,,,,0,0,0,0,0,0,0,0,0,0,,,,,,"Pest Control Services",yellowpages-ca,,0,0
,"MAYDAY Pest Control","11 Foundry Ave, Toronto, ON M6H 0B7, Canada",,16472446425,,5,121,,,,,,,,0,0,0,0,0,0,0,0,0,0,,,,,,"Pest control service",google,,0,0
,"Sure Cocroch Montoing Services","8 Hadfield Cir, Toronto, ON",,4162779742,,,,,,,,,,,0,0,0,0,0,0,0,0,0,0,,,,,,"Pest Control Services",yellowpages-ca,,0,0
,"BBPP The Best Bug & Pest Protection Inc","A8-99 Sante Dr, Concord, ON L4K 3C4",,6479106315,,4.9,116,,,,,,,,1,1,0,0,0,0,0,1,1,1,,,,,,"Pest Control Services",yellowpages-ca,,0,0
,"247 Pest Control",,,16479309450,,4.9,63,,,,,,,,0,0,0,0,0,0,0,0,0,0,,,,,,"Pest control service",google,,0,0
,"Wasp Removal Toronto",,,16474964475,,,,,,,,,,,0,0,0,0,0,0,0,0,0,0,,,,,,"Pest control service",google,,0,0
,"Willy Pest Control","51 Lower Simcoe St, Toronto, ON M5J 3A2, Canada",,16476376327,,5,2,,,,,,,,0,0,0,0,0,0,0,0,0,0,,,,,,"Pest control service",google,,0,0
,"Aanteater Pest Control",,,4167845333,,,,,,,,,,,0,0,0,0,0,0,0,0,0,0,,,,,,"Pest Control Services",yellowpages-ca,,0,0
,"The Bed Bug Tracker","246 2 Toronto, Toronto, ON M5C 2B6",,4166130225,,,,,,,,,,,0,0,0,0,0,0,0,0,0,0,,,,,,"Pest Control Services",yellowpages-ca,,0,0
,"R & K Wild Life Removal Control",,,4168310386,,,,,,,,,,,0,0,0,0,0,0,0,0,0,0,,,,,,"Pest Control Services",yellowpages-ca,,0,0
,"Pest Pro Canada Pest Control Services",,,14167105296,,3,2,,,,,,,,0,0,0,0,0,0,0,0,0,0,,,,,,"Pest control service",google,,0,0
,"O And K Pest Control","170 The Donway W, North York, ON M3C 2J2, Canada",,16473608756,,,,,,,,,,,0,0,0,0,0,0,0,0,0,0,,,,,,"Pest control service",google,,0,0
,"AABS Don Valley Pest Control Inc","1614-43 Thorncliffe Park Dr, East York, ON M4H 1J4",,4168579902,,,,,,,,,,,0,0,0,0,0,0,0,0,0,0,,,,,,"Pest Control Services",yellowpages-ca,,0,0
,"Roots Pest","475 Bramalea Rd, Brampton, ON L6T 2X3",,4167052068,,,,,,,,,,,0,0,0,0,0,0,0,0,0,0,,,,,,"Pest Control Services",yellowpages-ca,,0,0
,"Mike Damchuk Pest Control",,,5193310315,,,,,,,,,,,0,0,0,0,0,0,0,0,0,0,,,,,,"Pest Control Services",yellowpages-ca,,0,0
,"CSI-North Pest Management","96 Park Lane, Cobourg, ON K9A 4V7",,4165506224,,,,,,,,,,,0,0,0,0,0,0,0,0,0,0,,,,,,"Pest Control Services",yellowpages-ca,,0,0
,"Husky Pest Control","49 Vezna Cres, Brampton, ON L6X 5K4",,6475010074,,,,,,,,,,,0,0,0,0,0,0,0,0,0,0,,,,,,"Pest Control Services",yellowpages-ca,,0,0
,PestsBeGone,"22 Shannon St, Toronto, ON M6J 2E7, Canada",,4706964412,,,,,,,,,,,0,0,0,0,0,0,0,0,0,0,,,,,,"Pest control service",google,,0,0
,"Animals Out Gta","415A Donlands Ave, East York, ON M4J 3S2",,6479834627,,,,,,,,,,,0,0,0,0,0,0,0,0,0,0,,,,,,"Pest Control Services",yellowpages-ca,,0,0
New,"King Arthur Pest Control","490 Merton St, Toronto, ON M4S 1B3, Canada",,16476940050,,5,2,,,,,,,,0,0,0,0,0,0,0,0,0,0,,,,,,"Pest control service",google,,0,0
,"Pest Control Quality","99 Napa Hill Crt, ON L4J 8S2",,6477008940,,,,,,,,,,,0,0,0,0,0,0,0,0,0,0,,,,,,"Pest Control Services",yellowpages-ca,,0,0
,"Raccoon Removal Mississauga","55 Village Centre Pl, Mississauga, ON L4Z 1V9",,6479316183,,,,,,,,,,,0,0,0,0,0,0,0,0,0,0,,,,,,"Pest Control Services",yellowpages-ca,,0,0
,"Khanji Pest Control","2637 Altadena Crt, Mississauga, ON L5K 1G1",,6476748848,,,,,,,,,,,0,0,0,0,0,0,0,0,0,0,,,,,,"Pest Control Services",yellowpages-ca,,0,0
,"Rentokil Steritech",,,18775920782,,,,,,,,,,,0,0,0,0,0,0,0,0,0,0,,,,,,"Pest Control Services",yellowpages-ca,,0,0
,"OMG Pest control services",,,14164252829,,3.5,2,,,,,,,,0,0,0,0,0,0,0,0,0,0,,,,,,"Pest control service",google,,0,0
