status,name,address,website,phone,email,first_name,last_name,job_title,email_verified,personal_email,contact_linkedin,google_rating,google_reviews,yelp_rating,yelp_reviews,fb_rating,fb_reviews,fb_likes,fb_checkins,fb_followers,is_title,is_description,is_adwords,is_facebook_ads,is_twitter_ads,is_linkedin_ads,is_bing_ads,is_robot,is_ssl,is_wordpress,fb_url,twitter_url,linkedin_url,youtube_url,instagram_url,category,search_type,crawler_status,women_owned,black_owned
,"Youbility Inc.","55 Harbour Square, Toronto, ON M5J 2L1, Canada",https://youbility.ca/,14376699981,info@youbility.ca,,,,,,,4.9,7,,,,,,,,1,1,0,0,0,0,0,1,1,1,,,https://www.linkedin.com/company/youbility-inc/?viewAsMember=true,https://www.youtube.com/embed/VhBl3dHT5SY?feature=oembed?playlist=VhBl3dHT5SY&mute=0&autoplay=0&loop=no&controls=0&start=0&end=,https://www.instagram.com/youbility_home_renovation?fbclid=IwY2xjawG9eiBleHRuA2FlbQIxMAABHZ3GxFLppvtf7Nd_nk9p7RiMTcxUZj92Fxqkcp0UDDY2RGRN4NbI8kuGnw_aem_ylj1MX1hVB4q7lJNokP4UQ,"General contractor",google,1,1,0
,"Toronto Structural Engineers","1 University Ave, Toronto, ON M5J 2P1, Canada",https://www.torontostructuralengineers.ca/,16477237364,info@torontostructuralengineers.ca,,,,,,,5,16,,,,,,,,1,1,1,0,0,0,0,1,1,0,https://www.facebook.com/torontostructuralengineers,,https://www.linkedin.com/company/toronto-structural-engineers,,,"Structural engineer",google,1,0,0
,"Toronto Handyman","224 Millwood Rd, Toronto, ON M4S 1J7, Canada",https://www.torontohandymans.com/,16473269185,info@torontohandymans.com,,,,,,,5,50,,,,,,,,1,1,0,0,0,0,0,0,1,0,,,,,,Handyman/Handywoman/Handyperson,google,1,1,0
,"Time To Renovate","10 Four Seasons Pl Suite 1000, Etobicoke, ON M9B 6H7, Canada",https://www.timetorenovate.ca/,14162889988,contactus@timetorenovate.ca,,,,,,,4.9,59,,,,,604,,610,1,1,0,1,0,0,0,1,1,0,https://www.facebook.com/timetorenovate,,,https://www.youtube.com/@timetorenovate,https://www.instagram.com/timetorenovate,Contractor,google,1,0,0
,"Swords GTA Construction",,https://www.swordsreno.com/,14164505114,swordsreno@gmail.com,,,,,,,5,1,,,,,,,,1,1,0,0,0,0,0,0,1,0,,,,,,"Construction company",google,1,0,0
New,"""Honey, I am home"" Handyman Renovations Services",,https://www.superhandyman.ca/,16477408887,rondodace@gmail.com,,,,,,,4.9,11,,,,,,,378,1,1,0,0,0,0,0,1,1,0,https://www.facebook.com/renovatetoronto,,,,,Handyman/Handywoman/Handyperson,google,1,0,0
,"Strong Plumbing Inc","18 King St E, Toronto, ON M5E 1L4, Canada",https://www.strongplumbinginc.com/,14162584068,contact@strongplumbinginc.com,,,,,,,5,184,,,,,,,,1,1,0,0,0,0,0,1,1,0,https://www.facebook.com/strong.plumbing,https://twitter.com/strong.plumbing,https://www.linkedin.com/strong.plumbing,,https://www.instagram.com/strongplumbinginc/,Plumber,google,1,0,0
,"Sosna Home Renovations","7250 Keele St, Concord ON L4K 1Z8",https://www.sosna.ca/,4168887366,contact@sosna.ca,,,,,,,,,,,,,,,,1,1,1,0,0,0,0,1,1,1,https://www.facebook.com/ContractorYouCanCountOn/,,,https://www.youtube.com/user/SosnaInc,https://www.instagram.com/sosna_inc/,,bing,1,0,0
,"RSB Home Renovation INC.",,https://www.rsbhomerenovations.ca/,15147015932,rsbhomerenovations@hotmail.com,,,,,,,4.6,14,,,,,689924,,46,1,1,0,1,0,0,0,1,1,0,https://www.facebook.com/wix,,,,https://www.instagram.com/wix,"General contractor",google,1,1,0
,"Royal Home Improvements","2601 Matheson Blvd E, Mississauga ON L4W 5A8",https://www.royalhomeimprovements.ca/,4162364400,estimates@royalhomeimprovements.ca,,,,,,,3.8,63,,,,,452,,469,1,1,1,0,0,0,0,0,1,0,,,,,,,bing,1,0,0
,"renoWOW! - Bathroom, Kitchen & Basement Renovation Contractor Toronto","99 Yorkville Ave, Toronto ON M5R 3K5",https://www.renowow.ca/,8663521251,sam@renowow.ca,,,,,,,,,,,,,220,,249,1,1,1,1,0,0,0,1,1,1,https://www.facebook.com/people/RenoWOW/100063458054883/,https://twitter.com/renowowtoronto,https://www.linkedin.com/company/renowow-/,,https://www.instagram.com/renowow.ca/,,bing,1,0,0
,"Renovated Home","35 Brian Peck Crescent, East York, ON M4G 0A5, Canada",https://www.renovated-home.ca/,14165259343,info@renovated-home.ca,,,,,,,4.9,57,,,,,,,,1,1,0,0,0,0,0,1,1,0,,,,,,"Stucco contractor",google,1,0,0
,"Renopros Home Services",,https://www.renoproshomeservices.com/,14163021040,renopros@live.com,,,,,,,5,8,,,,,,,,1,0,0,0,0,0,0,1,1,1,,,,,,"Bathroom remodeler",google,1,0,0
,RenoDuck,"2501 Rutherford Rd #39-41, Concord, ON L4K 2N6, Canada",https://www.renoduck.com/%3Futm_source%3Dgoogle%26utm_medium%3Dlocal%26utm_term%3D2501_Rutherford%26utm_campaign%3Dgmb,16472452405,support@renoduck.com,,,,,,,4.4,61,,,,,,,,1,1,1,0,0,0,0,1,1,1,,,,https://www.youtube.com/@renoduckhomes,https://www.instagram.com/renoduckhomes,"Construction company",google,1,0,0
,"Remodel & Renovate Depot: GTA Residential and Commercial Specialists","1940 Ellesmere Rd, Scarborough, ON M1H 2V6, Canada",https://www.remodelrenovate.ca/,16478212453,gtarenovations101@gmail.com,,,,,,,5,19,,,,,,,,1,1,0,0,0,0,0,1,1,1,,,,,,"Construction company",google,1,0,0
,"Quality Restorations + Renovations Co Toronto","12 Westview Blvd, East York, ON M4B 3H8, Canada",http://qualityrestorations.ca,14164233465,qualityrestorations1@gmail.com,,,,,,,4.9,7,,,,,,,252,1,1,0,0,0,0,0,1,1,1,https://www.facebook.com/QualityRestorationsCo,https://twitter.com/doug_pearse,,,https://www.instagram.com/qualityrestorations.inc/,"Deck builder",google,1,0,0
,"Prestige Homes & Contracting Inc",,https://www.prestigehomesandcontracting.com/,14164354945,prestigehomesandcontracting.com@wix-domains.com,,,,,,,5,2,,,,,,,,1,0,0,0,0,0,0,1,1,0,,,,,,"Construction company",google,1,0,0
New,NovaEspacio,"10 Huntley St #1606, Toronto, ON M4Y 2K7, Canada",https://www.novaespacio.ca/,16473651680,contact@novaespacio.ca,,,,,,,5,4,,,,,,,3,1,1,0,0,0,0,0,1,1,1,https://www.facebook.com/novaespacio.ca,,,,https://www.instagram.com/novaespacio.ca,"Construction company",google,1,0,0
New,"Nailed It Toronto Inc.","1 Shaw St, Toronto, ON M6K 0A1, Canada",https://www.nailedittoronto.com/,16472440672,info@nailedittoronto.com,,,,,,,5,27,,,,,,,,1,0,0,0,0,0,0,1,1,0,,,,,,Contractor,google,1,0,0
New,"MCC Home Renovation",,https://www.mccrenovation.ca/,16477817811,mcc.h.reno@gmail.com,,,,,,,4.7,29,,,,,,,,1,1,0,0,0,0,0,0,1,0,,,,,,"Construction company",google,1,0,0
,"Maison Marble & Stone",,https://www.maisonmarbleandstone.ca/,16474081995,plyle@maisonmarbleandstone.ca,,,,,,,5,18,,,,,,,,1,0,0,0,0,0,0,1,1,0,,,,,,"Marble contractor",google,1,0,0
,"LDS Reno",,https://www.ldsreno.ca/,16474540953,info@ldsreno.ca,,,,,,,5,70,,,,,,,,1,1,1,0,0,0,0,1,1,1,,,https://www.linkedin.com/in/lds-reno,https://www.youtube.com/@ldsreno,https://www.instagram.com/lds.reno/,Remodeler,google,1,1,0
,"Lampert Renovations","119 Miranda Ave, York, ON M6B 3W8, Canada",https://www.lampertrenovations.ca/%3Futm_source%3Dgoogle%26utm_medium%3Dorganic%26utm_campaign%3Dgmb-listing,14167874925,info@lampertrenovations.ca,,,,,,,4.8,85,,,,,140,4,140,1,1,0,0,0,0,0,1,1,1,https://www.facebook.com/lampertrenovations,https://twitter.com/LampertRenos,,https://www.youtube.com/watch?v=remcgZl33hM,https://www.instagram.com/lampertrenovations/,"Bathroom remodeler",google,1,0,0
,"KVL Home Service - Renovation Toronto GTA",,https://www.kvlhomeservice.ca/,14164179079,kvlhomeservice@gmail.com,,,,,,,5,13,,,,,,,385,0,0,0,0,0,0,0,0,0,0,,,,,,"Bathroom remodeler",google,1,0,0
New,"The Kingsway Group","80 John St, Toronto, ON M5V 1X3, Canada",https://www.kingswaycanada.ca/,16477951695,contact@kingswaycanada.ca,,,,,,,4,8,,,,,,,,1,1,0,0,0,0,0,1,1,0,,,,,https://www.instagram.com/thekingswaygroup,"Construction company",google,1,0,0
,"Keyz To Your Home Renovations",,https://www.keyztoyourhomereno.com/%3Futm_source%3Dgoogle%26utm_medium%3Dwix_google_business_profile%26utm_campaign%3D2220251015585499741,14164549946,keyztoyourhomereno.com@wix-domains.com,,,,,,,4.9,39,,,,,,,,0,0,0,0,0,0,0,1,1,0,,,,,,"Construction company",google,1,0,0
New,"Jh home renovation",,https://www.jhhomerenovations.ca/,13657777770,info@jhhomerenovations.ca,,,,,,,5,19,,,,,,,,1,0,0,0,0,0,0,1,1,1,,,,,,"Construction company",google,1,0,0
,"iRemodel Home Renovation Toronto","18 Yorkville Ave, Toronto, ON M4W 3Y8, Canada",http://iremodel.ca,14168252542,info@iremodel.ca,,,,,,,4.9,56,,,,,164,,166,1,1,0,1,0,0,0,1,1,1,https://www.facebook.com/IRemodelHomeRenovation,https://twitter.com/iRemodelCa,,,https://www.instagram.com/iremodelhomerenovation/,"Bathroom remodeler",google,1,0,0
,"Imperial Emergency Plumbing Services","1410 Dupont St, Toronto, ON M6H 0B6, Canada",https://www.imperial-restoration.ca/emergency-plumber-toronto/,14372425854,contact@imperial-restoration.ca,,,,,,,4.1,9,,,,,238,,248,1,1,0,0,0,0,0,1,1,1,https://www.facebook.com/imperial.restoration.7/,,https://www.linkedin.com/company/imperial-construction-and-restoration,,https://www.instagram.com/imperial_restoration/,Plumber,google,1,0,0
,"Anthony Sayers Custom Build & Design Ltd","5 Hanna Ave Apt 418, Toronto, ON M6K 0B3, Canada",https://www.homerenovationbyanthony.com/,14168179702,anthonysayersbuilder@gmail.com,,,,,,,5,7,,,,,,,9,1,0,0,0,0,0,0,0,1,0,,,,,,"General contractor",google,1,0,0
,"Home Maintenance & Repair","2967 Dundas St W, Toronto, ON M6P 1Z2, Canada",https://www.homemaintenancerepair.com/,8669944671,,,,,,,,5,1,,,,,,,,1,1,0,0,0,0,0,0,0,0,,,,,,"Water damage restoration service",google,1,0,0
,"HH Home Renovations",,https://www.hh-renovation-and-general-contracting.ca/,16473655749,hamidhafizi1000@yahoo.com,,,,,,,5,33,,,,,77,,79,1,1,0,0,0,0,0,1,1,0,https://www.facebook.com/HH-Home-Renovation-Services-102424292018880/,,,,https://www.instagram.com/hh_renovations_contracting_inc/,Contractor,google,1,0,0
,"Happy Bathroom Renovation",,https://www.happybathroom.ca/%3Futm_source%3Dgoogle%26utm_medium%3Dlocal%26utm_campaign%3Dgmb,16478320056,info@happybathroom.ca,,,,,,,4.9,131,,,,,,,,1,1,0,0,0,0,0,0,1,0,,,,,https://www.instagram.com/happybathroomstoronto/?hl=en,"Bathroom remodeler",google,1,0,0
New,"General Talent Canada","145 1/2 Church St, Toronto, ON M5C 2Z3, Canada",https://www.generaltalentcanada.ca/,16477948298,,,,,,,,,,,,,,,,,1,0,0,0,0,0,0,1,0,0,,,,,,"Construction company",google,1,0,0
New,"Frontenac Home Services",,https://www.frontenachomeservices.ca/,12267514483,info@frontenachomeservices.ca,,,,,,,5,18,,,,,,,,1,1,0,0,0,0,0,0,1,0,,,,,https://www.instagram.com/frontenachomeservices/,"General contractor",google,1,0,0
,"Finished Basements","1/2 Major St #37, Toronto, ON M5S 2K9, Canada",https://www.finishedbasementsscto.com/,14168853987,info@fbscto.com,,,,,,,4.3,12,,,,,1625,,1600,1,1,0,1,0,0,0,1,1,0,https://www.facebook.com/120574741361703,,https://www.linkedin.com/public-profile/settings?trk=d_flagship3_profile_self_view_public_profile#:~:text=www.linkedin.com/in/jerome%2Dsammy%2D073b8220,https://www.youtube.com/channel/UCJYBtb9eqja6efy7HqBDsOw,https://www.instagram.com/finishedbasementssctocom,Contractor,google,1,0,0
New,"Estiha Inc","100 Dalhousie St, Toronto, ON M5B 0C7, Canada",https://www.estihainc.com/,16476198107,info@estihainc.com,,,,,,,5,9,,,,,,,,1,1,0,0,0,0,0,1,1,1,,,,,,"Construction company",google,1,0,0
New,"Elite Renovations Group | Home Remodeling Toronto & GTA","20 Alness St, Toronto ON",https://www.elitereno.ca/,9057098978,info@elitereno.ca,,,,,,,,,,,,,,,105,1,1,0,0,0,0,0,1,1,1,https://www.facebook.com/elitereno,,,https://www.youtube.com/channel/UCYjGfVnUut82Ei21fcYLA5w,https://www.instagram.com/p/DZpxRFGlkFp/,,bing,1,0,0
,"Delta Classic Homes Inc",,https://www.deltaclassichomes.com/,16479841650,deltareno@gmail.com,,,,,,,5,72,,,,,67,,71,1,1,0,1,0,0,0,1,1,0,https://www.facebook.com/people/Delta-Classic-Homes-inc/100069975760036/,,,https://www.youtube.com/@DeltaClassicHomes-TO,https://www.instagram.com/deltaclassichomes,"Construction company",google,1,0,0
,"Craftsman Renovations Ltd","840 Pape Ave #202, Toronto, ON M4K 3T6, Canada",https://www.craftsmanreno.com/,16475016927,info@craftsmanreno.com,,,,,,,5,27,,,,,,,,1,1,1,0,0,0,0,1,1,0,,,https://www.linkedin.com/company/craftsman-renovations-ltd/],,https://www.instagram.com/craftsmanreno/,"Construction company",google,1,0,0
,"Cgar Builder",,https://www.cgarbuilder.ca/,14374773449,info@cgarbuilder.com,,,,,,,5,8,,,,,,,,1,1,0,0,0,0,0,0,1,0,,,,,https://www.instagram.com/cgar.builder/,Contractor,google,1,0,0
New,"Blue Oak Building Corporation","1033 Bay St. Ste 313, Toronto, ON M5S 3A5, Canada",https://www.blueoakbuilding.com/,14164220332,info@blueoakbuilding.com,,,,,,,4.9,55,,,,,,,8,1,0,0,0,0,0,0,1,1,0,https://www.facebook.com/people/Blue-Oak-Building/61572364002914/,,https://ca.linkedin.com/company/blue-oak-building-corporation?trk=public_post_feed-actor-name,https://www.youtube.com/@blueoakbuildingg,https://www.instagram.com/blueoakbuildingcorp/,"Construction company",google,1,0,0
,"Betterway Painting & Renovations Inc.",,https://www.betterwaypainting.ca/,14163174110,info@betterwaypainting.ca,,,,,,,4.9,37,,,,,,,,1,0,0,0,0,0,0,1,1,1,https://www.facebook.com/people/Betterway-Painting-Renovations-INC/61553433400606/,https://twitter.com/,,https://www.youtube.com/static?template=privacy_guidelines,https://www.instagram.com/betterway_painting_reno,Painter,google,1,0,0
,"雅居装修 A & J Renovation","4168 Finch Ave E G70, Scarborough, ON M1S 3V1, Canada",https://www.ajrenovation.ca/,16473318881,jerry.ajrenovation@gmail.com,,,,,,,4.9,98,,,,,,,,1,0,0,0,0,0,0,1,1,0,,,,,,Contractor,google,1,0,0
New,"Acura Construction","215 Spadina Ave. #400, Toronto, ON M5T 2C7, Canada",https://www.acuraconstruction.ca/,19054526927,info.acuraconstruction@gmail.com,,,,,,,,,,,,,,,,1,0,0,0,0,0,0,0,1,0,,,,,,"Construction company",google,1,0,0
,"Ace Plumbing Services - Toronto Plumber","18 King St E Ste 1400, Toronto, ON M5E 1L4, Canada",https://www.aceplumbingservices.ca/,14167025993,aceplumbingservices1@gmail.com,,,,,,,5,33,,,,,312,,312,1,0,0,0,0,0,0,1,1,0,https://www.facebook.com/aceplumbingservicestoronto,,,,https://www.instagram.com/aceplumbingservices/,Plumber,google,1,0,0
New,"Vaughan Handyman","Vaughan, ON L4J 8J9, Vaughan, ON L4J 8J9, Canada",https://vaughanhandyman.ca,4378184415,,,,,,,,,,,,,,,,,0,0,0,0,0,0,0,0,0,0,,,,,,"Handwerker,Maler,General Contractors",yelp,1,0,0
,"Unitedtech Renovation",,https://unitedtechrenovation.com/,14166668843,,,,,,,,5,11,,,,,,,,0,0,0,0,0,0,0,0,0,0,,,,,,Remodeler,google,1,0,0
New,"True Build Roofing & Masonry","88 Scott St, Toronto, ON M5E 0B5, Canada",https://truebuildroofingandmasonry.com/,16477619764,truebuildroofingandmasonry@gmail.com,,,,,,,5,7,,,,,,,,1,1,0,0,0,0,0,1,1,0,,,,,,Contractor,google,1,0,0
,"Toronto Renovation Contractor","30 Bertrand Ave, Scarborough, ON M1L 2P5, Canada",https://torontorenovationcontractor.com/,16475588823,info@torontorenovationcontractor.com,,,,,,,5,4,,,,,,,,1,0,0,0,0,0,0,1,1,0,,,,,,"Construction company",google,1,0,0
,"Toronto Home Repairs","82 Laird Dr, East York ON M4G 3V1",https://torontohomerepairs.com/,4164651689,info@torontohomerepairs.com,,,,,,,,,,,,,,,143,1,1,0,0,0,0,0,1,1,1,https://www.facebook.com/people/Toronto-Home-Repairs/100083265552734/,https://twitter.com/TorontoHomeRep,,,https://www.instagram.com/torontohomerepairs/,,bing,1,0,0
,"TMT Renovations and Build | Your Multi Award winning Renovation specialist","401 The West Mall, Etobicoke, ON M9C 4Y5, Canada",https://tmtbuildspecials.ca/,16477956086,tmtrenovations@yahoo.com,,,,,,,5,101,,,,,,,,1,0,0,0,0,0,0,1,1,0,,,,,,"Construction company",google,1,0,0
,"The Toronto Plumbers",,https://thetorontoplumbers.ca/,14168319212,info@thetorontoplumbers.ca,,,,,,,5,24,,,,,,,,1,1,0,0,0,0,0,1,1,1,,https://twitter.com/intent/tweet?text=Home&url=https%3A%2F%2Fthetorontoplumbers.ca,https://www.linkedin.com/sharing/share-offsite/?url=https%3A%2F%2Fthetorontoplumbers.ca,,,Plumber,google,1,1,0
New,"The Restorators - Toronto","18 King St E Ste 1400, Toronto, ON M5E 1L4, Canada",https://therestorators.com/,14168353885,support@therestorators.com,,,,,,,4.6,68,,,,,,,6,1,1,1,0,0,0,0,1,1,1,https://www.facebook.com/therestoratorsToronto,https://twitter.com/therestorators,https://www.linkedin.com/company/the-restorators/,,https://www.instagram.com/the.restorators/,"Water damage restoration service",google,1,0,0
,"Design . Build . Renovate","12 Boulton Dr, Toronto, ON M4V 2V4, Canada",https://suderhomes.ca/contact,14167127117,greg@suderhomes.ca,,,,,,,,,,,,,,,,1,1,0,0,0,0,0,1,1,0,,,,,,Contractor,google,1,0,0
New,"Home Services at The Home Depot","1000 Gerrard St E, Toronto ON M4M 3G6",https://stores.homedepot.ca/on/toronto/home-services/,8004663337,domain_administrator@homedepot.com,,,,,,,,,,,,,,,,1,1,0,0,0,0,0,1,1,0,https://connect.facebook.net/en_US/sdk.js#xfbml=1&version=v2.12&appId=66904429412&autoLogAppEvents=1,,https://www.linkedin.com/company/1551117,https://www.youtube.com/homedepotcanada,https://www.instagram.com/homedepotcanada,,bing,1,0,0
,"Smart Bathrooms Renovation",,https://smartbathroomsrenovation.ca/,16477711884,info@smartbathroomsrenovation.ca,,,,,,,5,32,,,,,84,7,85,1,1,1,0,0,0,0,1,1,0,https://www.facebook.com/people/Smartbathroomsreno/61559911202960/,,,,https://www.instagram.com/smartbathroomsreno/,"Bathroom remodeler",google,1,0,0
New,"Silverlight Windows & Eaves Cleaning","177 Pendrith St, Toronto, ON M6G 1S1, Canada",https://silverlightwindowsandeaves.ca/,14168278949,info@silverlightwindowsandeaves.ca,,,,,,,4.9,450,,,,,,,9300,1,1,1,0,0,0,0,1,1,1,https://www.facebook.com/silverlightwindowsandeavestoronto/,,,https://www.youtube.com/@SilverlightWindowsAndEaves,https://www.instagram.com/silverlightwindowseavestoronto/,"Window cleaning service",google,1,0,0
,"Shower Masters","111 Queen St E, Toronto, ON M5C 1S2, Canada",https://showermasters.ca/,8002103998,info@showermasters.ca,,,,,,,4.9,72,,,,,,,,1,0,0,0,0,0,0,1,1,1,,,,,,"Bathroom remodeler",google,1,0,0
,"SEGEN GENERAL CONSTRUCTION & RENOVATION LTD","29 Louvain Ave #311, Toronto, ON M4M 3M7, Canada",https://segenconstruction.ca/,16475406382,info@segenconstruction.ca,,,,,,,4.9,7,,,,,,,27,1,1,0,0,0,0,0,1,1,1,https://www.facebook.com/segenconsruction/,,,,,"Home builder",google,1,0,0
,"Royal Work Basement Waterproofing Toronto","230 Queens Quay W, Toronto, ON M5J 2X1, Canada",https://royalwork.ca/,14168371077,info@royalwork.ca,,,,,,,5,469,,,,,,,,0,0,0,0,0,0,0,1,1,0,,,,,,"Waterproofing service",google,1,0,0
,"Royal Home Painters","44 Jackes Ave, Toronto, ON M4T 1E5, Canada",https://royalhomepainterstoronto.ca/,16474923993,admin@royalhomepainters.ca,,,,,,,4.8,125,,,,,716,2,710,0,0,0,0,0,0,0,1,1,0,,,,,,Painter,google,1,0,0
New,"Rota Construction CA","150 King St W Ste 200, Toronto, ON M5H 1J9, Canada",https://rotagroup.ca/rotaconstruction.ca,14162523777,commercial@rotagroup.ca,,,,,,,,,,,,,,,84,1,0,0,0,0,0,0,1,1,1,https://www.facebook.com/RotaConstructionCanada,,,,https://www.instagram.com/rotaconstructioncanada/,"Construction company",google,1,0,0
,"Renovation Restoration Toronto",,https://renovationrestoration.ca/,14169043131,info@renovationrestoration.ca,,,,,,,5,22,,,,,,,,1,1,0,0,0,0,0,1,1,1,,,,,,"General contractor",google,1,0,0
,"Renovare Lab","67 Portland St Unit 202, Toronto, ON M5V 1C2, Canada",https://renovarelab.ca/,14167275775,,,,,,,,5,3,,,,,,,,0,0,0,0,0,0,0,0,0,0,,,,,,"Construction company",google,1,0,0
,"Remodel My Home","7777 Weston Rd, Woodbridge, ON L4L 0G8, Canada",https://remodelmyhome.ca/,16477846137,contact@remodelmyhome.ca,,,,,,,5,55,,,,,,,514,1,1,1,1,0,0,0,1,1,1,https://www.facebook.com/p/Remodel-My-Home-100075790556903/,,,,https://www.instagram.com/remodelmyhome.ca/,"Construction company",google,1,1,0
,"PRIMOCON | Luxury Home Builder Toronto | Home Renovations | Kitchen Remodeling | Quality Painting | Architectural + Design","58 Marine Parade Dr, Etobicoke, ON M8V 4G1, Canada",https://primocon.ca/,14168215355,info@primocon.ca,,,,,,,5,6,,,,,,,,1,1,0,0,0,0,0,1,1,0,,,,,,"Custom home builder",google,1,0,0
,"Johnson’s Renovation & Contracting",,https://prelistingreno.ca/,16478066882,Johnsons.renovation18@gmail.com,,,,,,,5,29,,,,,,,,1,1,0,0,0,0,0,1,1,0,https://www.facebook.com/share/1DWw9AMrwB/?mibextid=wwXIfr,,https://www.linkedin.com/company/112289517/,,https://www.instagram.com/prelisting.reno,"Interior fitting contractor",google,1,0,0
,"Plumber To Your Door of Toronto","509 Bloor St W, Toronto, ON M5S 1Y2, Canada",https://plumbertoyourdoor.ca/,16478947354,info@plumbertoyourdoor.ca,,,,,,,4.9,453,,,,,44,,45,1,1,0,0,0,0,0,1,1,1,https://www.facebook.com/PlumberToYourDoorCanada,,https://www.linkedin.com/company/plumbertoyourdoor/,https://www.youtube.com/channel/UC2vP4fONc2cEcSv5Q4Vi7pQ,https://www.instagram.com/plumbertoyourdoor_canada,Plumber,google,1,0,0
,"Petro Home Renovations","30 Shore Breeze Dr, Etobicoke, ON M8V 1A1, Canada",https://petrohomerenovations.ca/,16478039636,impallari@gmail.com,,,,,,,5,21,,,,,,,,0,0,0,0,0,0,0,0,0,0,,,,,,"Interior construction contractor",google,1,0,0
,"Pasquale Home Renovation Canada Inc",,https://pasqualerenovation.ca/,16478985507,,,,,,,,,,,,,,,,,1,1,0,0,0,0,0,1,1,0,,,,,,"Construction company",google,1,0,0
,"Ontario One Renovations",,https://ontario1.ca/,16475137171,info@ontario1.ca,,,,,,,5,4,,,,,,,,1,1,0,0,0,0,0,1,1,1,,,,,,"General contractor",google,1,0,0
,"ONT Restoration services","231 Carlton St. Unit B, Toronto, ON M5A 2L2, Canada",https://ont-restoration.com/,14168195000,info@ont-restoration.com,,,,,,,5,6,,,,,,,,1,1,1,0,0,0,0,1,1,1,,https://twitter.com/share?text=Protect%20Your%20Homes%20from%20Winter%20Water%20Damage&url=https://ont-restoration.com/protect-your-homes-from-winter-water-damage/,https://www.linkedin.com/shareArticle?mini=true&url=https://ont-restoration.com/protect-your-homes-from-winter-water-damage/&title=Protect%20Your%20Homes%20from%20Winter%20Water%20Damage,,,"Water damage restoration service",google,1,0,0
,"Oncall Renovation","54 Shorting Rd, Scarborough, ON M1S 3S7, Canada",https://oncallrenovation.ca/,14378758199,info@oncallrenovation.ca,,,,,,,5,13,,,,,2,,2,1,1,1,0,0,0,0,1,1,1,https://www.facebook.com/oncallrenovation25/,,,,https://www.instagram.com/oncallrenovation25/,Remodeler,google,1,0,0
New,"Old2New Home Renovations Inc.",,https://old2newhomes.ca/,16474618450,stevennguyenreal@gmail.com,,,,,,,5,9,,,,,,,,0,0,0,0,0,0,0,0,0,0,,,,,,"General contractor",google,1,0,0
,"North 5 Contracting Inc","560 Front St W #932, Toronto, ON M5V 1C1, Canada",https://north5contracting.ca/,16476718084,info@north5contracting.ca,,,,,,,5,9,,,,,139,,146,1,0,0,0,0,0,0,1,1,1,https://web.facebook.com/N5CGeneralContractor/?_rdc=1&#038,,https://ca.linkedin.com/company/north-5-contracting-inc,https://www.youtube.com/channel/UCrRnIIuVQtZwZxOMFTReLWw,https://www.instagram.com/north_5_contracting/?hl=en,"Construction company",google,1,0,0
,"Norseman Construction And Development","1304 Woodbine Avenue, Toronto, ON M4C 4E7",https://norsemanconstruction.ca,6474355433,info@norsemanconstruction.ca,,,,,,,,,5,1,,,1420,44,1400,1,1,1,1,0,0,0,1,1,1,https://www.facebook.com/norsemanconstructionanddevelopment/,,https://www.linkedin.com/company/norseman-construction-development-ltd/%20,https://www.youtube.com/channel/UCedVpjGaMR3g0pYJEcW0C6g,https://www.instagram.com/norsemanconstruction,"General Contractors,Raumausstattung & Innenarchitektur,Architekt",yelp,1,0,0
,"NewCity Restoration & Renovations | Home Renovation Toronto | Kitchen Renovation Toronto",,https://ncrestoration.ca/,16473600880,,,,,,,,,,,,,,,,,1,0,0,0,0,0,0,1,1,0,,,,,,"Water damage restoration service",google,1,0,0
New,"MS Renovation Services","2 Milepost Pl, East York, ON M4H 1C7, Canada",https://msrenos.com/,16479142552,msrenosgta@gmail.com,,,,,,,4.3,6,,,,,,,,1,1,1,0,0,0,0,1,1,1,,,,,,"General contractor",google,1,0,0
New,"Masterful Makeovers Stair Railing & Painting Experts","65 Genthorn Ave, Etobicoke, ON M9W 2T1",https://masterfulmakeovers.ca/,6475563384,masterfulmakeovers.ca@gmail.com,,,,,,,,,,,,,,,,1,0,0,0,0,0,0,1,1,0,,,,,,"Home Improvements & Renovations,Stair Builders",yellowpages-ca,1,0,0
New,"Maple Home Renovation","55 Commerce Valley Dr W Ste 502-550, Thornhill, ON L3T 7P4, Canada",https://maplehomerenovation.com/,14166033333,info@maplehomerenovation.com,,,,,,,,,,,,,,,,1,1,0,0,0,0,0,1,1,1,,,,,,"Construction company",google,1,0,0
,"Lukas Renovation","2311 Lake Shore Blvd W, Etobicoke, ON M8V 1A6, Canada",https://lukasrenovation.com/,14166667425,info@lukasrenovation.com,,,,,,,4.9,98,,,,,261,,261,0,0,0,0,0,0,0,1,1,0,,,,,,"General contractor",google,1,0,0
,"LIFESTYLE CON INC",,https://lifestyleconstructioninc.com/,16477715487,info@lifestyleconstructioninc.com,,,,,,,5,8,,,,,,,,1,1,0,0,0,0,0,1,1,1,,,,,https://www.instagram.com/lifestyleconstruction_?igsh=aGJkZ2pyejg0djc0&utm_source=qr,"Construction company",google,1,0,0
,LeonExpress,"666 Spadina Ave., Toronto, ON M5S 2H8, Canada",https://leonexpress.ca/,16478825454,info@leonexpress.ca,,,,,,,4.9,265,,,,,3060,,3000,1,1,0,0,0,0,0,1,1,1,https://www.facebook.com/leonexpressfurniturassembly,,,https://www.youtube.com/@leonexpress8723,,Handyman/Handywoman/Handyperson,google,1,0,0
,"LandLord Renovations Inc.","515 Logan Ave, Toronto, ON M4K 1A6, Canada",https://landlord.net/renovations,14169699000,kyle@lprmstaging.wpengine.com,,,,,,,3,2,,,,,,,,1,1,1,0,0,0,0,1,1,1,,,https://www.linkedin.com/company/1745927/,https://www.youtube.com/channel/UCyL6nUzYCbI1KermXTJ8XCw,https://www.instagram.com/landlord.prm/,"Kitchen remodeler",google,1,0,0
New,"Kopman Build",,https://kopmanbuild.com/,16476802031,,,,,,,,5,21,,,,,,,,1,1,0,0,0,0,0,1,1,0,,,,,,"Construction company",google,1,0,0
New,"KC Renovation",,https://kcrenovation.ca/,16478659989,johnny.kc.renovation@gmail.com,,,,,,,5,14,,,,,,,,1,0,0,0,0,0,0,1,1,0,,,,,,"Home improvement store",google,1,0,0
,"Ideal Siding Toronto","150 King St W Ste 200, Toronto, ON M5H 3B7, Canada",https://idealsiding.com/ca/locations/siding-toronto/,16477234373,hello@idealsiding.com,,,,,,,4.8,30,,,,,801,,839,1,1,1,1,0,0,0,1,1,1,https://www.facebook.com/ideal.siding.toronto,,,,https://www.instagram.com/ideal_siding/,"Siding contractor",google,1,0,0
,"House Renovations","4118 Dunmow Crescent, Mississauga, ON L4Z 1C9, Canada",https://house-renovations.ca/,16479144848,info@house-renovations.ca,,,,,,,5,13,,,,,,,,1,1,0,0,0,0,0,1,1,0,,,https://www.linkedin.com/company/house-renovations-ca/,https://www.youtube.com/watch?v=9Xs7TwAfS6w,https://www.instagram.com/houserenovationsgta?igsh=MWxicGVpcWFjM2Vw&utm_source=qr,"General contractor",google,1,1,0
New,"HiveForge Construction Ltd","375 University Ave Ste 3302, Toronto, ON M5G 2J5, Canada",https://hiveforge.ca/,14373145964,info@hiveforge.ca,,,,,,,,,,,,,,,,1,1,0,0,0,0,0,1,1,0,,,,,,"Construction company",google,1,0,0
,"Harrison Homes",,https://harrisonhomebuilders.com/,16472844005,hello@liinks.co,,,,,,,4.5,8,,,,,334,,337,1,1,0,0,0,0,0,1,1,1,https://www.facebook.com/harrisonhomes.ga.sc/,,,https://www.youtube.com/@harrisonhomes,https://www.instagram.com/harrisonhomes_realtor,"Custom home builder",google,1,0,0
,"Handy Solutions",,https://handysolutions.ca/,14165773368,marketingreignsupreme@gmail.com,,,,,,,4.9,100,,,,,,,2,1,1,0,0,0,0,0,0,1,0,,,,https://www.youtube.com/@handysolutionsrenovation416,https://www.instagram.com/torontoremodeller/,"Bathroom remodeler",google,1,1,0
New,HandymanProServices,"224 Millwood Rd Lower, Toronto, ON M4S 1J7, Canada",https://handymanproservices.ca/,16476427168,,,,,,,,5,13,,,,,,,,0,0,0,0,0,0,0,1,1,0,,,,,,Handyman/Handywoman/Handyperson,google,1,1,0
,"GTA Restoration Corp.","250 Yonge St #2100, Toronto, ON M5B 2L7, Canada",https://gtarestoration.ca/%3Futm_campaign%3Dgmb,12898094833,support@gtarestoration.com,,,,,,,3.7,26,,,,,9372,124,9300,1,1,1,0,0,0,0,1,1,1,https://www.facebook.com/gtarestorationservices/,https://twitter.com/,https://www.linkedin.com/company/97397690/,https://www.youtube.com/channel/UCZvisFYZE6L_28gdwVrZ4Pg,https://www.instagram.com/,"Water damage restoration service",google,1,0,0
New,"Golden Reno Inc.",,https://goldenrenoinc.ca/,16474721345,goldenhammerrenoinc@gmail.com,,,,,,,4.9,72,,,,,,,,1,0,0,0,0,0,0,1,1,1,,,,https://youtube.com/@rezaagha-cq9mo?si=ur58BdbcBiVAG_R5,https://www.instagram.com/goldenhammerreno/,"General contractor",google,1,0,0
,"GMT Tile & Reno",,https://gmtrenovations.ca/,16475695857,info@gmtrenovations.ca,,,,,,,5,18,,,,,,,2,1,1,0,0,0,0,0,1,1,1,https://www.facebook.com/people/GMT-Tile-Reno/61570156527948/,,,,https://www.instagram.com/gmt_renovations/,"Tile contractor",google,1,0,0
,"Finishing Touches Design And Renovations","225 Bering Ave, Etobicoke, ON M8Z 3A4, Canada",https://ftdesignandrenovations.ca/,16476842380,info@ftdesignandrenovations.ca,,,,,,,5,34,,,,,,,,1,1,0,0,0,0,0,1,1,1,,,,,https://www.instagram.com/ft.design.renovations/,"General contractor",google,1,0,0
,"Home renovation","30 Mountfield Crescent, Thornhill, ON L4J 7E8, Canada",https://framinginstallation.ca/,16477038777,sandrogelashvili@yahoo.ca,,,,,,,,,,,,,,,,1,0,0,0,0,0,0,1,1,0,,,,,,"Construction company",google,1,0,0
,"Universal Framing Carpentry Corp",,https://framingcarpentry.com/,14168904542,info@framingcarpentry.com,,,,,,,5,30,,,,,,,46,1,1,0,0,0,0,0,1,1,1,https://www.facebook.com/universalframingcarpentry,,,,https://instagram.com/universal_f_carpentry,"Construction company",google,1,0,0
,"Excellent Home Renovation | 天工巧匠装修","3261 Kennedy Rd Unit 1, Scarborough, ON M1V 2K1, Canada",https://excellenthome.ca/,16475085888,info@excellenthome.ca,,,,,,,4.7,48,,,,,,,,1,1,1,0,0,0,0,1,1,1,,,,https://www.youtube.com/embed/Jyc24rciRBM?feature=oembed?playlist=Jyc24rciRBM&mute=0&autoplay=0&loop=no&controls=0&start=0&end=,https://www.instagram.com/excellenthomerenovation/,Contractor,google,1,1,0
,"Euro Home Renovation Company Toronto","307 Bering Ave, Etobicoke, ON M8Z 3A5, Canada",https://eurohomereno.com/,16473030476,,,,,,,,5,2,,,,,,,,0,0,0,0,0,0,0,0,0,0,,,,,,Contractor,google,1,0,0
,"Efficiency Home Renovations","1300 Steeles Ave E, Brampton, ON L6T 4T2, Canada",https://efficiencyhome.ca/,16472559504,info@efficiencyhome.ca,,,,,,,4.8,69,,,,,85,,100,1,1,1,1,0,0,0,1,1,1,https://www.facebook.com/EfficiencyHomeComfort,//twitter.com/intent/tweet?text=Bathroom+Renovation+Trends+For+2024&url=https%3A%2F%2Fefficiencyhome.ca%2Fbathroom-renovation-trends-2024%2F,,,https://www.instagram.com/efficiencyhome/,"Construction company",google,1,0,0
,"Easy Reno | Home Renovations Toronto","1015 Bloor St W, Toronto, ON M6H 1M1, Canada",http://easyrenovation.ca,14167475996,sales@easyrenovation.ca,,,,,,,4.9,68,,,,,,,,1,1,0,0,0,0,0,1,1,1,,,,https://www.youtube.com/watch?v=mW-51F_dQAU,https://www.instagram.com/easy.reno/,"General contractor",google,1,0,0
,"Eastham Contracting Inc.","200 Bay St., Toronto, ON M5J 2J1, Canada",https://easthamcontracting.ca/,14163610235,projects@easthamcontracting.ca,,,,,,,,,,,,,,,,1,1,0,0,0,0,0,1,1,1,,,,,,"General contractor",google,1,0,0
,"Diamond Quality Restoration Inc.","318 Richmond St W, Toronto, ON M5V 0B4, Canada",https://dqrestoration.ca/,16475755746,info@dqrestoration.ca,,,,,,,5,2,,,,,,,,1,0,0,0,0,0,0,1,0,1,,,https://www.linkedin.com/in/diamond-quality-restoration-inc-003a89247?%20utm_source=share&utm_campaign=share_via&utm_content=profile&utm_medium=ios_app,,https://www.instagram.com/dq__restoration?igsi=YTduZWJjM2kxeHo4&utm_source=qr,"Building restoration service",google,1,0,0
New,"DH Property Group Inc","145 1/2 Church St, Toronto, ON M5C 2Z3, Canada",https://dhpropertygroupinc.ca/,16477603815,info.dhpropertygroupinc@gmail.com,,,,,,,5,1,,,,,,,,1,1,0,0,0,0,0,1,1,1,,,,,https://www.instagram.com/dhpropertygroup.inc?igsh=bWc1eGk2bm44czdv&utm_source=qr,"Construction company",google,1,0,0
,"Crown Constructions","720 King St W, Toronto, ON M5V 3S5, Canada",https://crownconstructions.ca/,14165242766,info@crownconstructions.ca,,,,,,,4.8,34,,,,,,,,0,0,0,0,0,0,0,0,0,0,,,,,,"General contractor",google,1,0,0
,"CRKC Construction","357 King St W, Toronto, ON M5V 0S7, Canada",https://crkc.ca/,14168242634,info@crkc.ca,,,,,,,5,2,,,,,,,,1,0,0,0,0,0,0,1,1,0,,,https://www.linkedin.com/in/oguzcarikci/,,,"Construction company",google,1,0,0
,"PayVill Contractor",,https://contractor.payvill.com/,14373397842,contractor@payvill.com,,,,,,,5,4,,,,,,,,1,1,0,0,0,0,0,1,0,1,,,,,https://www.instagram.com/payvillcontractor/,Contractor,google,1,0,0
,"Canadian Rooter – Plumber Toronto","678 Huron St, Toronto, ON M5R 2R9, Canada",https://canadianrooter.com/torontodrainservices.php,14163430247,,,,,,,,4.9,134,,,,,,,,1,1,1,0,0,0,0,1,1,0,,,,,,Plumber,google,1,0,0
,"Bulldog Renovation - Remodelling Service, Professional Quality Home Bathroom Renovation in Toronto, ON",,https://bulldogrenovation.ca/,16475806387,,,,,,,,4.2,10,,,,,,,,0,0,0,0,0,0,0,0,0,0,,,,,,Remodeler,google,1,0,0
,"BiglarKinyan Design Planning Inc.","204 King St E, Toronto, ON M5A 1J7, Canada",https://bkdp.ca/,14168509911,info@bkdp.ca,,,,,,,4.7,37,,,,,2370,,2300,1,1,0,0,0,0,0,1,1,1,https://www.facebook.com/BiglarKinyanDesign/,,,,https://www.instagram.com/biglarkinyan/,"Interior designer",google,1,0,0
,"Billdr Renovation","60 Atlantic Ave Ste 221, Toronto, ON M6K 1X9, Canada",https://billdr.co/general-contractors/ca/on/toronto%3Futm_source%3Dgoogle%26utm_medium%3Dorganic%26utm_campaign%3Dgmb-listing-tor,12895361002,info@billdr.co,,,,,,,3.9,12,,,,,,,,1,1,0,0,0,0,0,1,1,0,,,,,,"General contractor",google,1,1,0
,"Bathroom Renovation GTA","1167 Gerrard St E, Toronto, ON M4L 1Y3, Canada",https://bathroomrenovationgta.com/,14374350116,info@bathroomrenovationgta.com,,,,,,,4.9,34,,,,,,,,0,0,0,0,0,0,0,1,1,0,,,,,,"Bathroom remodeler",google,1,0,0
,"Basement Renovation Contractors",,https://basementrenovation.net/,16479318447,,,,,,,,,,,,,,,,,0,0,0,0,0,0,0,0,0,0,,,,,,Contractor,google,1,0,0
,"Astaneh Construction","3080 Yonge St, Toronto ON M4N 3N1",https://astanehconstruction.com/,4163128015,info@astanehconstruction.com,,,,,,,,,,,,,,,,1,1,1,0,0,0,0,1,1,1,https://www.facebook.com/astanehconsturctoin/,,,https://www.youtube.com/@astanehconstruction2533,https://www.instagram.com/reel/DP1QsxFjUVy/?utm_source=ig_embed&utm_campaign=loading,,bing,1,0,0
New,"Arqet Constructions","18 King St E, Toronto, ON M5E 1L4, Canada",https://arqetconstructions.ca/,16475105449,,,,,,,,4.5,19,,,,,,,,0,0,0,0,0,0,0,0,0,0,,,,,,"General contractor",google,1,0,0
,"Arnold Homes Construction Inc.","1376 A St Clair Ave W, Toronto, ON M6E 1C6, Canada",https://arnoldhomesinc.com/,14166130204,info@arnoldhomesinc.com,,,,,,,4.8,21,,,,,64984,,56000,1,1,0,0,0,0,0,1,1,1,https://www.facebook.com/ArnoldHomesltd/,,,https://youtube.com/@arnoldhomes1604?si=ND6WgzGPgvj5oRzq,https://www.instagram.com/arnold_homesinc/,Contractor,google,1,0,0
,"Adept Services Home Renovations Done Right",,https://adeptservices.ca/,14167163780,info@adeptservices.ca,,,,,,,4.5,27,,,,,,,48,1,1,1,0,0,0,0,1,1,1,https://www.facebook.com/AdeptServicesDesignBuild/,https://twitter.com/AdeptServices,,https://www.youtube.com/channel/UCpXWiJMiiJu9rLkuj5rfvPA/feed,https://www.instagram.com/adeptservicesrenovation/,"Bathroom remodeler",google,1,0,0
,"AC Contracting","425 Broadview Ave, Toronto, ON M4K 2M9, Canada",https://accontracting.ca/,16478298699,,,,,,,,5,7,,,,,,,,1,0,0,0,0,0,0,1,1,1,,,,,,"General contractor",google,1,0,0
,"A1 Gta Renovation",,https://a1gta.com/,14167225519,a1gta@outlook.com,,,,,,,5,50,,,,,1505,,2000,1,0,0,0,0,0,0,1,1,1,https://www.facebook.com/A1GTARENOVATION/,,,https://www.youtube.com/channel/UC6yLwMjOwdlWNKDSqCoKUHQ,https://www.instagram.com/a1gtarenovation/,Contractor,google,1,0,0
,"2B Wired Toronto","First Canadian Place, 100 King St W Ste 5700, Toronto, ON M5H 1H1, Canada",https://2bwired.ca/,14167356661,,,,,,,,4.8,158,,,,,,,444,1,1,0,0,0,0,0,1,1,0,https://www.facebook.com/2bwired,,,,https://www.instagram.com/2bwired/,Electrician,google,1,0,0
New,"1800 Pro Painter","55 Stewart St Apt 902, Toronto, ON M5V 2V1, Canada",https://1800propainter.com/,8007767246,,,,,,,,4,6,,,,,,,,1,1,0,0,0,0,0,1,1,0,,,,,,Contractor,google,1,0,0
,"YTCO (Your Trusted COntractor)",,http://ytco.ca/,16474469382,info@ytco.ca,,,,,,,5,8,,,,,,,,1,0,0,0,0,0,0,0,0,0,,,,,,"General contractor",google,1,0,0
,"V Construction",,http://www.vconstructions.ca/,16479047025,vconstruction47@gmail.com,,,,,,,4.6,19,,,,,25,,29,1,0,0,0,0,0,0,1,1,0,,,,,,"Construction company",google,1,0,0
,"UNIT HOMES","2300 Yonge St, Toronto, ON M4P 1E4, Canada",http://www.unitcons.com/%3Futm_source%3Dgoogle%26utm_medium%3Dwix_google_business_profile%26utm_campaign%3D15698623433523523833,19056500000,ali@unitcons.com,,,,,,,5,42,,,,,,,,0,0,0,0,0,0,0,1,1,0,,,,,,"General contractor",google,1,0,0
,"Total Renovations Inc","381 Glen Manor Dr, Toronto, ON M4E 3Y1, Canada",http://www.totalrenovations.com/,14166942488,,,,,,,,4.6,9,,,,,,,,1,1,0,0,0,0,0,1,1,0,,,,,,"Construction company",google,1,0,0
,"The Art of Renovation",,http://www.theartofrenovation.com/,14165180016,mark@theartofrenovation.com,,,,,,,3.8,19,,,,,,,9,1,0,0,0,0,0,0,1,1,0,http://www.facebook.com/ArtofRenovation,http://www.twitter.com/theartofreno,,http://www.youtube.com/artofrenovation,https://www.instagram.com/artofrenovation/,"General contractor",google,1,0,0
,"Sky Home Renovation Ltd.","49 Hood Crescent, Brampton, ON L6Y 4S7, Canada",http://www.skyhomereno.ca/,16477829154,,,,,,,,4.9,171,,,,,,,,1,0,0,0,0,0,0,1,1,0,,,,,,"General contractor",google,1,0,0
,"RW Renovations Inc.",,http://www.rwrenovations.ca/,14167215515,info@rwrenovations.ca,,,,,,,5,18,,,,,,,9,1,1,0,0,0,0,0,1,1,0,https://www.facebook.com/rwrenovations2000,,,,https://www.instagram.com/rwrenovationsinc/,"Construction company",google,1,0,0
,"R&R Renovations",,http://www.renovations-by-alex.com/,19059998117,renovationsbyalex@gmail.com,,,,,,,5,75,,,,,,,,1,1,0,0,0,0,0,0,1,0,,,,,https://www.instagram.com/renovationsbyalex/,Painting,google,1,0,0
,"RenoPlace Renovations",,http://www.renoplace.ca/,19059558652,renoplacegta@gmail.com,,,,,,,5,16,,,,,,,2,1,1,0,1,0,0,0,1,1,0,https://www.facebook.com/p/RenoPlace-Renovations-61557387069048/?_rdr,,,,https://www.instagram.com/renoplace/?hl=en,Remodeler,google,1,0,0
,"Remodd Renovations and Property Services",,http://www.remodd.ca/,16479721522,harsh.bhangu@remodd.ca,,,,,,,5,7,,,,,,,,1,1,1,0,0,0,0,1,1,0,,,,,https://www.instagram.com/remodd_/,Contractor,google,1,0,0
New,"Olive Contractors Inc. | Custom Renovation & Home Remodeling Toronto","2812 Bayview Ave, North York ON M2K 1E4",http://www.olivecontractors.ca/,4164745497,contact@olivecontractors.ca,,,,,,,,,,,,,,,100,1,1,0,0,0,0,0,1,1,1,https://www.facebook.com/olivecontractors/,,,,https://www.instagram.com/olivecontractors/,,bing,1,0,0
,"Northern Interior Finishes.","151 Yonge St Suite 1100, Toronto, ON M5C 2W7, Canada",http://www.northernfinishes.ca/,14168229513,info@northernfinishes.ca,,,,,,,3.7,3,,,,,,,,0,0,0,0,0,0,0,0,1,0,,,,,,"General contractor",google,1,0,0
,"My Toronto Build","51 E Liberty St, Toronto, ON M6K 3P9, Canada",http://www.mytorontobuild.com/,16479552900,mytorontobuild@gmail.com,,,,,,,5,29,,,,,,,120,1,1,0,0,0,0,0,1,1,0,https://www.facebook.com/MyTorontoBuild,https://twitter.com/mytorontobuild,,,https://www.instagram.com/mytorontobuild/,"Construction company",google,1,0,0
,"My Home Renovation",,http://www.myhomerenovation.ca/,14168778895,,,,,,,,5,63,,,,,,,,1,1,0,0,0,0,0,1,1,1,,,,,,"General contractor",google,1,0,0
,"Lone Sparrow & Co. Inc.",,http://www.lonesparrow.ca/,14166181350,info@lonesparrow.co,,,,,,,5,11,,,,,,,,1,0,0,0,0,0,0,1,1,0,,,,,,Contractor,google,1,0,0
,"King Modern House Renovation",,http://www.kingmodern.ca/,16474728449,,,,,,,,5,1,,,,,,,,0,0,0,0,0,0,0,0,0,0,,,,,,"Construction company",google,1,0,0
,"JJ HOME RENOVATIONS",,http://www.jjhomerenovations.com/,14162305186,quotes@jjhomerenovations.com,,,,,,,4.6,21,,,,,,,,1,0,0,0,0,0,0,0,1,1,https://www.facebook.com/jjrenovations,https://twitter.com/jjhrenovations,,,https://www.instagram.com/jjhomerenovations,"Construction company",google,1,0,0
,"JB Contracting","Toronto, ON M9A 1J7, Toronto, ON M9A 1J7, Canada",http://www.jbcontractingto.ca,4169969610,,,,,,,,,,,,,,,,,0,0,0,0,0,0,0,0,1,0,,,,,,"General Contractors,Terrassen & Geländer",yelp,1,0,0
New,"HUSKY RENOVATIONS INC","70 Temperance St Unit 1, Toronto, ON M5H 0B1, Canada",http://www.huskyrenovations.ca/,14169095044,,,,,,,,,,,,,,,,,1,0,0,0,0,0,0,1,1,0,,,,,,"Home help service agency",google,1,0,0
,"Home Installers","225 Sterling Rd #19, Toronto, ON M6R 2B2, Canada",http://www.homeinstallers.ca/,16472829888,info@homeinstallers.ca,,,,,,,4.9,218,,,,,,,,1,1,0,0,0,0,0,1,1,0,,,,,,Mover,google,1,0,0
,HomeCover,,http://www.homecover.ca/,16477999911,info@homecover.ca,,,,,,,3.7,3,,,,,1195,,1100,0,0,0,0,0,0,0,0,0,0,,,,,,"General contractor",google,1,0,0
,"Heart & Home Quality Renovations",,http://www.heartandhomeqr.ca/,14165561385,,,,,,,,5,10,,,,,,,,0,0,0,0,0,0,0,0,0,0,,,,,,"Construction company",google,1,0,0
,"Handy Hubby Home Repairs",,http://www.handyhubbyhomerepairs.com/,5196308101,,,,,,,,,,,,,,,,,0,0,0,0,0,0,0,0,0,0,,,,,,"Home Improvements & Renovations",yellowpages-ca,1,0,0
,"GQR- Great Quality Renovations Inc.","235 Carlaw Ave 5th Floor, Toronto, ON M4M 2S1, Canada",http://www.gqrenovations.com/,16478685705,info@gqrenovations.com,,,,,,,4.7,18,,,,,,,,1,1,0,0,0,0,0,0,1,0,"https://facebook.com/facebook\",,,,,Construction company""",google,1,0,0
New,"Fortune Luxury Homes Inc.","2 Bloor St E Suite 3500, Toronto, ON M4W 1A8, Canada",http://www.fortuneluxuryhomes.com/,16479782030,info@fortuneluxuryhomes.com,,,,,,,5,12,,,,,,,23,1,0,1,0,0,0,0,1,1,1,https://www.facebook.com/Fortune-Luxury-Homes-111638151008964,https://twitter.com/LuxuryFortune,https://www.linkedin.com/in/fortune-homes-726a7b209/,https://www.youtube.com/channel/UC1n021Ryz0RseJ1XkJ2VhCw,https://www.instagram.com/fortuneluxuryhomes,"General contractor",google,1,0,0
,"ForHome Renovation","27 West Beaver Creek Rd #10, Richmond Hill, ON L4B 1K2, Canada",http://www.forhomereno.com/,14165598699,info@forhomereno.com,,,,,,,5,91,,,,,,,,1,1,1,0,0,0,0,1,1,1,,,,,https://www.instagram.com/forhome_renovation/,"General contractor",google,1,0,0
,"Flamingo Renovations","111 Niagara St, Toronto, ON M5V 1C6, Canada",http://www.flamingoreno.ca/,16478942082,claire@flamingoreno.ca,,,,,,,,,,,,,,,,1,0,0,0,0,0,0,1,1,0,,,,,,"Kitchen remodeler",google,1,0,0
,"FixIt Renovations Inc","2 Thorncliffe Park Drive, East York, ON M4H 1H2, Canada",http://www.fixitrenovation.com/,14166962009,info@fixitrenovation.com,,,,,,,,,,,,,,,,1,0,0,0,0,0,0,0,0,0,,,,,,"Construction company",google,1,0,0
,"Elevate Construction Group LTD","151 Yonge St 11th Floor, Toronto, ON M5C 2W7, Canada",http://www.elevatecg.ca/,,info@elevatecg.ca,,,,,,,5,7,,,,,,,3,1,1,0,0,0,0,0,1,1,1,https://www.facebook.com/people/Elevate-Construction-Group/61558782982055/,,,,https://www.instagram.com/elevate.cg/,"Construction company",google,1,0,0
,"East Home Renovation Inc.","Canada, Ontario, North York, Esther Shiner Blvd, East Home Renovation Inc.邮政编码: M2K 0C4",http://www.easthomerenovation.ca/,14168782928,summer@easthomerenovation.ca,,,,,,,,,,,,,,,,1,1,0,0,0,0,0,1,1,0,,,,https://www.youtube.com/@easthomerenovation/,https://www.instagram.com/easthomerenovation/,"Wood floor refinishing service",google,1,0,0
,"DH Group Inc.","219 Fort York Blvd Suite, 2306, Toronto, ON M5V 1B1, Canada",http://www.dh-group.ca/,16479713619,info@dh-group.ca,,,,,,,4,4,,,,,,,,1,0,0,0,0,0,0,0,1,0,,,,,,"General contractor",google,1,0,0
New,"DGP Home renovation","50 John St unit 6, York, ON M9N 1J7, Canada",http://www.dgphomerenovation.ca/,16475020791,,,,,,,,4.9,7,,,,,,,,0,0,0,0,0,0,0,0,0,0,,,,,,"General contractor",google,1,1,0
,"Comfort Renovation Inc","200 Dora Spencer Rd, York, ON M6M 2K8, Canada",http://www.comfortrenovation.ca/,14165692689,info@comfortrenovation.ca,,,,,,,5,1,,,,,,,140,1,1,0,0,0,0,0,0,1,0,http://www.facebook.com/2008/fbml,,,,,"Home builder",google,1,0,0
,"Brixel Renovation and Remodeling","486 Front St W, Toronto, ON M5V 0V2, Canada",http://www.brixelhomes.com/,14375524104,info@brixelhomes.com,,,,,,,5,9,,,,,,,,1,0,0,0,0,0,0,1,1,0,,,,,,"Construction company",google,1,0,0
,"Black Sparrow Contracting","60 Atlantic Ave Unit 207, Toronto, ON M6K 1X9, Canada",http://www.blacksparrow.ca/,14168979289,murillo@blacksparrow.ca,,,,,,,5,7,,,,,,,70,1,1,0,0,0,0,0,0,1,0,,,,,,"General contractor",google,1,0,0
New,"Belvedere Home Improvements Ltd","41 Research Rd, East York ON M4G 2G8",http://www.belvedererenos.com/,4164891776,belvedere@belvedererenos.com,,,,,,,,,,,,,,,,1,0,1,0,0,0,0,1,1,1,,,,,https://www.instagram.com/belvederehomeimprovements/,,bing,1,0,0
New,"At Home Renovations","1299 Danforth Rd, Scarborough, ON M1J 1G6, Canada",http://www.athomerenovations.ca/,,officearchivesca@gmail.com,,,,,,,,,,,,,,,,1,0,0,0,0,0,0,1,1,1,,,,,,Remodeler,google,1,0,0
,"Ontario renovation",,http://www.a1s.com/,16477715957,,,,,,,,3,2,,,,,,,,0,0,0,0,0,0,0,0,0,0,,,,,,"Construction company",google,1,0,0
,"Rob's Renovations & Handyman Services","12 Industrial St Units B & C, East York, ON M4G 1Y9, Canada",http://woodymood.us/,14376556767,canarda1@hotmail.com,,,,,,,4,14,,,,,,,,1,0,0,0,0,0,0,1,1,0,,,,,,"Construction company",google,1,0,0
,"West Toronto Home Renovations","Elmcrest Rd, Etobicoke, ON M9C 3R8, Canada",http://westtorontohomerenovations.com,14164520668,stephen@westtorontohomerenovations.com,,,,,,,5,48,,,,,,,,1,1,0,0,0,0,0,0,1,0,,,,,http://instagram.com/west_toronto_home_renovations,"Construction company",google,1,0,0
New,"Upgrade Home Renovation","Improve Canada, 7250 Keele St Unit 171, Concord, ON L4K 1Z8, Canada",http://upgradehome.ca,14379879876,info@upgradehome.ca,,,,,,,5,24,,,,,,,,1,1,0,0,0,0,0,1,1,1,,,,,https://www.instagram.com/upgradehomerenovation/,"Construction company",google,1,0,0
,"T Ten Renovation & Handyman Service",,http://ttenrenovations.ca/,16477677631,ttenreno@ttenrenovations.ca,,,,,,,5,1,,,,,,,,0,0,0,0,0,0,0,0,1,0,,,,,,Handyman/Handywoman/Handyperson,google,1,0,0
,"Family Renovations",,http://trustedpros.ca,16473395257,hunter@familyrenovations.com,,,,,,,4.4,13,,,,,1278,11,1300,0,0,0,0,0,0,0,1,1,0,,,https://www.linkedin.com/company/trustedpros,,,"General contractor",google,1,0,0
New,"True Home Renovation/Contracting.",,http://truehomerenovation.ca/,16478220631,info@truehomerenovation.ca,,,,,,,5,1,,,,,,,,1,0,0,0,0,0,0,1,1,1,https://www.facebook.com/#,,,,,"General contractor",google,1,1,0
,"Toronto House Renovation Group","9205 Bathurst St Unit 9, Richmond Hill, ON L4C 0V9, Canada",http://torontorenovation.ca/,14168206737,torontohouserenovation@gmail.com,,,,,,,1,1,,,,,1392,,1300,1,1,0,0,0,0,0,1,1,1,https://www.facebook.com/Gorbacheff/,https://twitter.com/TorontoHouseRen,https://ca.linkedin.com/in/vadim-gorbachev-09bbb492,,,Contractor,google,1,0,0
New,"Toronto Home Remodeling","155 Marlee Ave #2003, York, ON M6B 4B5, Canada",http://torontoremodel.ca,16475596272,,,,,,,,5,4,,,,,,,,1,1,0,0,0,0,0,1,1,0,,,https://linkedin.com,,https://instagram.com,Remodeler,google,1,0,0
New,"Toronto House Renovation","20 Arid Ave, Brampton, ON L6R 1P9, Canada",http://torontohouserenovation.ca,14376075440,info@torontohouserenovation.ca,,,,,,,5,2,,,,,,,,1,0,0,0,0,0,0,1,1,0,,,,,,"Construction company",google,1,0,0
New,"Toronto Home Renovation","110 Eglinton Ave E, Toronto, ON M4P 1E2, Canada",http://torontohomereno.lovable.app,16479526814,hello@torontohomerenovation.ca,,,,,,,,,,,,,,,,1,1,0,0,0,0,0,1,1,0,,,,,,"General contractor",google,1,0,0
,"Toronto building group","123 Edward St, Toronto, ON M5G 0A8, Canada",http://torontobuilding.ca,14388369496,info@torontobuilding.ca,,,,,,,5,9,,,,,,,,1,1,0,0,0,0,0,1,1,0,http://www.facebook.com,,http://www.linkedin.com,http://www.youtube.com,http://www.instagram.com,"Construction company",google,1,0,0
,"Piatek Homes","201 Jones Ave B, Toronto, ON M4M 3A4, Canada",http://torontoaddition.ca,14164557315,mattpiatek55@gmail.com,,,,,,,5,24,,,,,,,,1,1,1,0,0,0,0,1,1,0,,,,,,"Home builder",google,1,0,0
,"Toronto Home Renovation Inc.",,http://toronto-home-renovation.com,16473758181,info@toronto-home-renovation.com,,,,,,,5,3,,,,,,,,1,1,0,0,0,0,0,1,1,1,,,,,https://www.instagram.com/toronto_home_renovation/,"Bathroom remodeler",google,1,0,0
,"Toronto az renovation","370 Hwy 7, Richmond Hill, ON L4B 1A7, Canada",http://toronto-az-renovation.netlify.app/,16479298485,sadeghnaderi9@gmail.com,,,,,,,4.7,15,,,,,,,,1,1,0,0,0,0,0,1,1,0,,,,,,"Construction company",google,1,0,0
,"The Reno Pros | Commercial Office Renovation","4265 Weston Rd #2, North York, ON M9L 1W8, Canada",http://therenopros.ca,14165616144,info@therenopros.ca,,,,,,,4.9,58,,,,,,,,1,1,1,0,0,0,0,1,1,1,,,,,https://www.instagram.com/therenopros?igsh=eWVoN3p6aGwyZ3d4,"Construction company",google,1,0,0
,"The Home Upgraders","63 Mack Ave, Scarborough, ON M1L 1M5, Canada",http://thehomeupgraders.ca/,16473711937,thehomeupgraders@gmail.com,,,,,,,5,20,,,,,,,,1,0,0,0,0,0,0,1,1,1,,,,,,Contractor,google,1,0,0
,"Terra Home Renovations","21 Dalmeny Rd, Thornhill, ON L3T 1M1, Canada",http://terrarenovations.ca,14168407800,webmaster@terrarenovations.ca,,,,,,,5,13,,,,,,,911,1,1,0,0,0,0,0,1,1,0,https://www.facebook.com/terrahomereno,,https://www.linkedin.com/company/terrarenovations/,,,"Home builder",google,1,0,0
,"LH Telles Contractors Inc","43D Industrial St #43, East York, ON M4G 1Y9, Canada",http://tellescontractors.com,16472055887,,,,,,,,4.9,30,,,,,,,,0,0,0,0,0,0,0,1,1,0,,,,,,"Construction company",google,1,0,0
New,"TC Home Renovation","70 William Cragg Dr, North York, ON M3M 1V2, Canada",http://tchomerenovation.com/,14379993689,,,,,,,,5,2,,,,,,,,0,0,0,0,0,0,0,0,0,0,,,,,,"Building restoration service",google,1,0,0
,"Swift Services","245 A Markham St, Toronto, ON M6J 2G7, Canada",http://swiftservices.ca/,16472221898,swiftserve@gmail.com,,,,,,,4.6,9,,,,,,,,1,1,0,0,0,0,0,1,1,1,,,,,,"Construction company",google,1,0,0
,"Sunnylea Homes Ltd.","2700 Dufferin St Unit 65, North York, ON M6B 4J3, Canada",http://sunnyleahomes.ca,14167895229,renovate@sunnyleahomes.ca,,,,,,,5,29,,,,,,,139,1,1,0,0,0,0,0,1,1,1,https://www.facebook.com/SunnyleaHomes/,,,https://www.youtube.com/@sunnyleahomes,https://www.instagram.com/sunnyleahomes/?hl=en,"General contractor",google,1,0,0
,"Strong Basements Inc. - Waterproofing & Underpinning Contractor","119, 660 Eglinton Ave E SUITE 525, East York, ON M4G 3K8, Canada",http://strongbasements.com,14168004295,contact@strongbasements.com,,,,,,,5,11,,,,,,,,1,0,0,0,0,0,0,1,1,0,,,,,,"Waterproofing service",google,1,0,0
,smallprojects,,http://smallprojects.ca/,16476497366,info@smallprojects.ca,,,,,,,5,8,,,,,,,,1,0,0,0,0,0,0,1,1,0,,,,,,"General contractor",google,1,0,0
New,"D Quality Home Renovation and Repairs","2175 Avenue Rd, Toronto, ON M5M 4B6, Canada",http://sites.google.com,16479144396,,,,,,,,5,1,,,,,,,,1,1,0,0,0,0,0,1,1,0,,,,,,Contractor,google,1,0,0
,"Servus Construction Inc.","2375 Brimley Rd Unit 3, Suite#223, Scarborough, ON M1S 3L6, Canada",http://servusconstruction.ca,14168715788,info@servusconstruction.ca,,,,,,,5,44,,,,,76,,76,1,1,0,0,0,0,0,1,1,1,https://www.facebook.com/Servus-Construction-105411665084060,https://twitter.com/ServusConstruc1?fbclid=IwAR3jXtyW-D_xVfkMdKPKazviB_RnQ1gIx23dwVlBdc6XiOL2buDMfLf86JE,,,https://www.instagram.com/servusconstructioninc/,"Interior fitting contractor",google,1,0,0
,"Self Build Canada","Ruttan St, Toronto, ON M6P 3L4, Canada",http://selfbuildcanada.ca,16474956660,info@selfbuildcanada.ca,,,,,,,4.8,45,,,,,627,11,627,1,1,1,0,0,0,0,1,1,1,https://www.facebook.com/Self-Build-Canada-168933230416535,,https://www.linkedin.com/company/self-build-canada/?viewAsMember=true,,https://www.instagram.com/selfbuildcanada/,"General contractor",google,1,0,0
,"SAM Renovation and Contracting",,http://samrenovationandcontracting.com,16475107760,info@samrenovationandcontracting.com,,,,,,,4.7,14,,,,,,,44,1,0,0,0,0,0,0,1,1,0,,,,,,"Construction company",google,1,0,0
New,"Ryder's Renovations Inc.",,http://rydersrenovations.ca/,14168767310,rydersrenovations@gmail.com,,,,,,,5,7,,,,,,,,1,1,0,0,0,0,0,1,1,0,,,,,https://www.instagram.com/rydersrenovations/,"Construction company",google,1,0,0
,"Runnymede Home Renovations",,http://runnymederenovations.ca/,16479517020,info@runnymederenovations.ca,,,,,,,5,14,,,,,,,,1,0,0,0,0,0,0,1,1,1,,,,,,Contractor,google,1,0,0
,"Rostica Renovations","130 Baldwin St, Toronto, ON M5T 3K7, Canada",http://rosticarenovations.com,16478065802,contact@rosticainc.com,,,,,,,5,51,,,,,,,37,1,1,0,0,0,0,0,1,1,1,https://www.facebook.com/rosticarenovations,,,,https://www.instagram.com/rosticarenovations/,"Construction company",google,1,0,0
,"Rose Valley Renovation","43 McManus Rd, Etobicoke, ON M9P 2J9, Canada",http://rosevalleyrenovation.com,16477721999,sales@rosevalleyrenovation.com,,,,,,,4.9,42,,,,,,,,1,0,0,0,0,0,0,1,1,0,,,,,,"Bathroom remodeler",google,1,0,0
,"renoWOW! - Bathroom, Kitchen & Basement Renovation Contractor Toronto","99 Yorkville Ave Unit 200, Toronto, ON M5R 3K5, Canada",http://renowow.ca,8663521251,info@renowow.ca,,,,,,,4.5,28,,,,,222,,249,1,1,1,1,0,0,0,1,1,1,https://www.facebook.com/people/RenoWOW/100063458054883/,https://twitter.com/renowowtoronto,https://www.linkedin.com/company/renowow-/,,https://www.instagram.com/renowow.ca/,"Bathroom remodeler",google,1,0,0
New,"Renown Renovations","102A-1075 Bay St. Ste 101, Toronto, ON M5S 2B1, Canada",http://renownrenos.ca/,14168870569,,,,,,,,,,,,,,,,,0,0,0,0,0,0,0,0,0,0,,,,,,"General contractor",google,1,0,0
,"Renovations Ca","505 Eglinton Ave W Ste.511, Toronto, ON M5N 1B1, Canada",http://renovations.ca,14163852433,info@honest-renovations.ca,,,,,,,,,,,,,,,,1,0,0,0,0,0,0,1,1,1,https://www.facebook.com/n49ca/,,,,,Contractor,google,1,0,0
,"RM Renovation","9 Crown Hill Pl #215, Etobicoke, ON M8Y 4C5, Canada",http://renovationrm.ca,14168792717,robert.milchevich@gmail.com,,,,,,,4.9,59,,,,,102,,102,1,0,0,0,0,0,0,1,1,0,,,,,,"General contractor",google,1,0,0
,"Renovation Services",,http://renovation-services.ca,8667941213,,,,,,,,5,5,,,,,,,,0,0,0,0,0,0,0,0,0,0,,,,,,"Kitchen remodeler",google,1,0,0
,"Renovate Toronto - Home Renovation Company in Toronto",,http://renovate-toronto.ca,16474641801,build@renovate-to.ca,,,,,,,4.3,6,,,,,84896,,84000,1,1,0,1,0,0,0,1,1,0,https://www.facebook.com/WixStudio,https://twitter.com/WixStudio,https://www.linkedin.com/showcase/wixstudio/product/,,https://www.instagram.com/wixstudio,Contractor,google,1,0,0
,"Reno Toronto | Home Renovation Company",,http://renotoronto.ca,16477819911,info@renotoronto.ca,,,,,,,5,5,,,,,690560,,46,1,0,0,1,0,0,0,1,1,0,,,,,,"General contractor",google,1,0,0
,"Reno Rocket","255 Steeprock Dr Unit A, North York, ON M4G 0B7, Canada",http://renorocket.ca,16476886825,info@renorocket.ca,,,,,,,4.9,60,,,,,,,88,1,1,1,1,0,0,0,1,1,1,https://www.facebook.com/renorocket.ca/,,https://ca.linkedin.com/company/reno-rocket,https://www.youtube.com/channel/UCD8FjJca7hEI9j-EGswrckg,https://www.instagram.com/renorocket.ca/,"General contractor",google,1,0,0
,"Renomakers Construction",,http://renomakers.ca,16475121090,hello@renomakers.ca,,,,,,,5,42,,,,,,,,1,1,0,0,0,0,0,0,1,0,,,,,,"General contractor",google,1,0,0
,"Renovation Experts","115, 15 Ingram Dr Suite 719, North York, ON M6M 2L7, Canada",http://renoexperts.ca,19058848585,info@renoexperts.ca,,,,,,,4.6,9,,,,,,,,0,0,0,0,0,0,0,0,1,0,,,https://www.linkedin.com/company/renovation-basement-experts,,,"General contractor",google,1,0,0
New,"Reno and Repairs","Markham, ON L6G 0E3, Markham, ON L6G 0E3, Canada",http://Renoandrepairs.ca,6478355728,renoandrepairs4u@gmail.com,,,,,,,,,5,1,,,,,3,1,1,0,0,0,0,0,1,1,1,https://www.facebook.com/people/Reno-and-Repairs/100088371362829/,,,,https://www.instagram.com/reno_and_repairs/,"General Contractors,Klempner & Installateur,Handwerker",yelp,1,0,0
,"Oakville Home Renovation Contractors By Red Stone Contracting","1040 Speers Rd, Oakville, ON L6L 2X4, Canada",http://redstonecontracting.com/,19059011006,info@redstonecontracting.com,,,,,,,5,132,,,,,2512,37,2500,1,1,0,0,0,0,0,1,1,1,https://www.facebook.com/redstonecontractinginc/,,,https://www.youtube.com/c/REDSTONECONTRACTING,https://www.instagram.com/redstonecontracting/,"General contractor",google,1,1,0
,"Redeemer Home Renovations","153 Shropshire Dr, Scarborough, ON M1P 1Z6, Canada",http://redeemerhomerenovations.com,16477031859,info@redeemerhomerenovations.com,,,,,,,5,21,,,,,,,,1,1,1,0,0,0,0,1,1,1,,,,,https://www.instagram.com/redeemerrenovations,"Construction company",google,1,0,0
,"Pro Finish Renovations Inc","125 Blue Jays Way Unit 1607, Toronto, ON M5V 0N5, Canada",http://profinishrenovationsinc.ca,14374213909,support@webador.com,,,,,,,5,21,,,,,,,,1,1,0,0,0,0,0,1,1,0,,,,,https://instagram.com/profinishreno.inc,"Construction company",google,1,0,0
,"Prime Repair Services",,http://primerepairservices.ca,16474240490,info@primerepairservices.ca,,,,,,,4.7,12,,,,,,,,1,1,0,0,0,0,0,1,1,0,,,,,,Handyman/Handywoman/Handyperson,google,1,0,0
,"Perfect Group Construction","Toronto, ON M1J 0A1, Toronto, ON M1J 0A1, Canada",http://perfectgc.ca,4374502773,info@perfectgc.ca,,,,,,,,,,,,,,,,1,1,0,0,0,0,0,0,1,0,https://www.facebook.com/people/Perfect-Group-Contracting/61579105833528,,,,https://www.instagram.com,"General Contractors",yelp,1,0,0
,"Oriel Renovations","294 Garden Ave, Toronto, ON M6R 1J4, Canada",http://orielrenovations.com,14162362277,info@orielrenovations.com,,,,,,,4.9,32,,,,,151,,160,1,1,0,1,0,0,0,1,1,0,https://www.facebook.com/orielrenovations/,,,,https://www.instagram.com/oriel_renovations/,"General contractor",google,1,0,0
,"North Toronto Renovations Inc.",,http://ntreno.com,14164174777,info@ntreno.com,,,,,,,5,21,,,,,,,,1,0,0,0,0,0,0,0,1,0,,,https://www.linkedin.com/company/north-toronto-renovations-inc-,,,"General contractor",google,1,0,0
,"Toronto Home Painters & Gardeners","197 Wellesley St E, Toronto, ON M4X 1E9, Canada",http://myhomeandgarden.ca/,14165197804,freestimate@myhomeandgarden.ca,,,,,,,5,107,,,,,,,120,1,1,0,0,0,0,0,1,1,1,,,,,,Painting,google,1,0,0
New,"24/7 On-Call Emergency Repair - Handyman & Repair Services","24 Howard St, Toronto, ON M4X 1J7, Canada",http://myconcept.ca/,16474440038,,,,,,,,4.8,16,,,,,,,,0,0,0,0,0,0,0,0,0,0,,,,,,Handyman/Handywoman/Handyperson,google,1,0,0
,"Moors Construction Inc.","500 Wilson Ave, North York, ON M3H 5Y9, Canada",http://moorsconstruction.ca,14168223780,info@moorsconstruction.ca,,,,,,,4.5,11,,,,,,,,1,0,0,0,0,0,0,1,0,0,,,,,,Handyman/Handywoman/Handyperson,google,1,0,0
,"👷 Mr General Contractor & Renovations Toronto","11 Brunel Ct Unit 4709, Toronto, ON M5V 3Y3, Canada",http://mistercontractor.ca,16472518320,info@mistercontractor.ca,,,,,,,4.7,88,,,,,,,,1,1,1,0,0,0,0,1,1,1,https://www.facebook.com/mistercontractorcanada/,https://twitter.com/Mrcontractorca,,https://www.youtube.com/channel/UCwrP-HtyVJNz7-F6wO1jjPw,https://www.instagram.com/mistercontractorcanada/,"General contractor",google,1,0,0
,"Merit Kitchen Bathroom Reno",,http://meritreno.ca,16476978473,info@meritreno.ca,,,,,,,5,92,,,,,,,,1,0,0,0,0,0,0,1,1,1,,,,,,"Water damage restoration service",google,1,0,0
,"MB Home Reno","127 Carrington Dr, Richmond Hill, ON L4C 7Y9, Canada",http://mbhomereno.com,14167041917,info@mbhomereno.com,,,,,,,5,108,,,,,,,,1,1,0,0,0,0,0,1,1,1,,,,https://www.youtube.com/@HomeRenoCanada,https://www.instagram.com/mbhomerenos/,"Construction company",google,1,0,0
,"Mak 7even Renovations","14 Foundry Ave #216, Toronto, ON M6H 0A8, Canada",http://mak7ltd.com,14379710790,mak7ltd@gmail.com,,,,,,,4.8,47,,,,,224,,224,1,1,0,1,0,0,0,1,1,0,https://www.facebook.com/mak7ltd,,https://www.linkedin.com/company/71741608,,https://www.instagram.com/mak7renovations/,"General contractor",google,1,0,0
,"Luxe Home Renovation","775 Steeles Ave W, North York, ON M2R 2S8, Canada",http://luxehomereno.com,16478387576,info@luxehomereno.com,,,,,,,4.9,47,,,,,124,,125,1,1,1,0,0,0,0,1,1,1,https://www.facebook.com/luxehomereno,,,,https://www.instagram.com/luxehomereno/,"Construction company",google,1,0,0
,"Limitless Build Contracting",,http://limitlessbuildcontracting.com,16477008241,info@limitlessbuildcontracting.com,,,,,,,5,37,,,,,10,,10,1,1,0,0,0,0,0,1,1,1,,,,,https://www.instagram.com/limitless_build_contracting/?hl=en,"General contractor",google,1,0,0
,"Lewis Kitchen and Bath","22 Shallmar Boulevard, Toronto, ON M5N 2Z8",http://lewiskitchenandbath.ca,6473611278,jbernstein95@yahoo.com,,,,,,,,,1,1,,,73,,72,1,0,1,0,0,0,0,1,1,1,https://www.facebook.com/torontoremodeler,,,,https://www.instagram.com/lewiskitchenandbath/,"General Contractors",yelp,1,0,0
,"Lazut Construction Company","1 Edgewater Dr, Toronto, ON M5A 0L1, Canada",http://lazut.ca/,14165700403,info@lazut.ca,,,,,,,5,3,,,,,,,,1,1,0,0,0,0,0,1,1,0,,,https://www.linkedin.com/company/lazutinc,,https://www.instagram.com/lazutco,"Construction company",google,1,0,0
,"Lakeside Renovations","2885 Bayview Ave, North York, ON M2K 0A3, Canada",http://lakesiderenovations.ca,16475712352,lindaavdi@gmail.com,,,,,,,5,24,,,,,,,,1,1,0,0,0,0,0,0,1,0,,,,,https://www.instagram.com/lakeside.renovations/,"Construction company",google,1,0,0
,"Kristal Renovations","4548 Dufferin St #102, North York, ON M3J 2C7, Canada",http://kristalrenovations.com,14378497576,info@kristalrenovations.com,,,,,,,5,55,,,,,,,,1,1,1,0,0,0,0,1,1,1,,,,,,"General contractor",google,1,0,0
,"JNS Construction","384 Yonge St Unit 33, Toronto, ON M5G 2K2, Canada",http://jnsconstruction.co/,16474998053,info@jnsconstruction.ca,,,,,,,5,3,,,,,,,,0,0,0,0,0,0,0,0,0,0,,,,,,"Construction company",google,1,0,0
,"Johnston Home Improvements",,http://jhireno.ca,16477046243,renowithjhi@gmail.com,,,,,,,5,70,,,,,,,46,1,1,0,1,0,0,0,1,1,0,https://www.facebook.com/wix,,,,https://www.instagram.com/wix,Handyman/Handywoman/Handyperson,google,1,0,0
,"Impetus Home Services","55 Glengowan Rd, Toronto, ON M4N 1G3, Canada",http://impetushomeservices.ca,14164883096,sam@impetushomeservices.ca,,,,,,,5,10,,,,,,,,1,1,0,0,0,0,0,1,1,0,,,,,,"General contractor",google,1,0,0
,"HRS Services (Home Renovation Specialists)","48 Plaxton Dr, East York, ON M4B 2R1, Canada",http://hrsservices.ca,16478842929,,,,,,,,5,15,,,,,,,,1,0,0,0,0,0,0,0,1,0,,,,,,Contractor,google,1,0,0
,"HP RENOVATIONS","100 St Regis Crescent S Unit 5, North York, ON M3J 1Y8, Canada",http://hprenovations.com,14168388103,info@hprenovations.com,,,,,,,4.5,15,,,,,,,,1,1,0,0,0,0,0,1,1,1,https://www.facebook.com/Hp-Renovations-804451356346026/,,,,https://www.instagram.com/hp.renovations/?igsh=ajJiOHF6cGp1eDhw&utm_source=qr,Contractor,google,1,0,0
,"Homi Renovation",,http://homireno.com,16475260178,info@homireno.com,,,,,,,5,14,,,,,,,2,1,1,1,0,0,0,0,1,1,1,https://www.facebook.com/Homireno,,,,,"General contractor",google,1,0,0
,"Homeview Reno Toronto",,http://homeviewreno.ca,16477402707,homeviewtoronto@gmail.com,,,,,,,4.9,50,,,,,,,24,1,1,0,0,0,0,0,1,1,0,https://www.facebook.com/homeviewreno,,,,https://www.instagram.com/homeviewreno?igsh=em0xdmZ0MDZpcDBk,"Dry wall contractor",google,1,0,0
New,"Home Town Construction Ltd 宏通装修","560 Denison St Unit 3, Markham, ON L3R 2M8, Canada",http://hometown-construction.ca/,14168908667,info@hometown-construction.ca,,,,,,,4.8,35,,,,,,,,1,1,1,0,0,0,0,1,1,1,,,,,,"Construction company",google,1,0,0
,"Home Reno Toronto",,http://homerenotoronto.ca,16476938905,info@homerenotoronto.ca,,,,,,,5,5,,,,,,,,0,0,0,0,0,0,0,0,1,0,,,,,,Contractor,google,1,0,0
New,"HomePro Repairs & Renovations",,http://homepro-co.ca,14164731113,,,,,,,,5,4,,,,,,,,1,1,0,0,0,0,0,1,1,0,https://www.facebook.com/people/HPRR-Corp/61565552946813/#,,,,https://www.instagram.com/homepro.repairs.renos/,"Home builder",google,1,0,0
,"The Home Improvement People Inc.","1120 Castlefield Ave, York, ON M6B 1E9, Canada",http://homeimprovementpeople.com,14167827605,hello@homeimprovementpeople.com,,,,,,,4.5,104,,,,,,,,1,1,0,0,0,0,0,1,1,1,,https://twitter.com/share?url=https://www.homeimprovementpeople.com/kitchen-cabinet-refacing-vs-replacement/,https://www.linkedin.com/shareArticle?mini=true&url=https://www.homeimprovementpeople.com/kitchen-cabinet-refacing-vs-replacement/&title=Kitchen%20Cabinet%20Refacing%20vs.%20Replacement%3A%20Cost%2C%20Lifespan%20and%20Best%20Choice,,,"General contractor",google,1,0,0
,"Homefront Builders Inc.","Bering Ave, Etobicoke, ON M8Z 3B1, Canada",http://homefrontbuilders.ca/,16477008340,info@homefrontbuilders.ca,,,,,,,5,40,,,,,,,207,1,1,0,0,0,0,0,1,1,1,https://www.facebook.com/homefrontbuildersinc,,,https://www.youtube.com/@homefrontbuilders,https://www.instagram.com/homefrontbuilders/,"Construction company",google,1,0,0
New,"Home Additions","109 Fernstaff Ct, Vaughan, ON L4K 3M1, Canada",http://homeadditions.ca/,16472774577,homeadditions@gmail.com,,,,,,,,,,,,,,,,1,1,1,0,0,0,0,1,1,1,,,,,,"General contractor",google,1,0,0
,"GR General Renovation","11 Foundry Ave, Toronto, ON M6H 0B7, Canada",http://gr-generalrenovation.com,16479759471,gr-generalrenovation@mail.com,,,,,,,4.8,21,,,,,678608,,46,1,0,0,1,0,0,0,1,1,0,https://www.facebook.com/wix,https://www.twitter.com/Wix,,https://www.youtube.com/user/Wix,,"General contractor",google,1,0,0
New,"Golden Bee Homes","3095 Dufferin St, North York, ON M6A 0C3, Canada",http://goldenbeehomes.com,14164958282,info@goldenbeehomes.com,,,,,,,4.9,54,,,,,,21,647,1,1,0,1,0,0,0,1,1,1,https://www.facebook.com/goldenbeehomes,,https://www.linkedin.com/company/golden-bee-homes-inc./,,https://www.instagram.com/golden_bee_homes/,"General contractor",google,1,0,0
,"DLV Full Home Renovation","81 Navy Wharf Ct #2809, Toronto, ON M5V 3M5, Canada",http://fullhomerenovation.ca,16475813152,info@fullhomerenovation.ca,,,,,,,5,9,,,,,,,,1,1,0,0,0,0,0,1,1,1,,,,,,Contractor,google,1,0,0
,"Fix My Bathroom – Bathroom Renovations & Remodeling",,http://fixmybathroom.ca/,16475843351,info@fixmybathroom.ca,,,,,,,5,15,,,,,4542,,4700,0,0,0,0,0,0,0,0,1,0,,,,,,"Bathroom remodeler",google,1,0,0
New,"Fix It Females","397 Donlands Ave Unit 107B, East York, ON M4C 1M3, Canada",http://fixitfemales.com,16475377822,info@fixitfemales.com,,,,,,,4.4,99,,,,,,15,84000,1,1,0,1,0,0,0,1,1,1,https://www.facebook.com/fixitfemales/,,https://www.linkedin.com/company/fix-it-females-inc,,,"General contractor",google,1,0,0
,"First Place Homes","24 Glen Davis Crescent, Toronto, ON M4E 1X5, Canada",http://firstplacehomes.ca,14164894083,harvey@firstplacehomes.ca,,,,,,,5,14,,,,,,,,1,1,1,0,0,0,0,0,1,0,,,,,https://www.instagram.com/firstplace_homes/,"General contractor",google,1,0,0
,"Mike the Downtown Handyman","1163 m Lansdowne Ave, Toronto, ON M6H 3Z7, Canada",http://finch-crane-granite-maple.grok.me,,info@voyagemovingcompany.ca,,,,,,,4.9,69,,,,,,,,1,1,0,0,0,0,0,1,1,0,,,,,,Handyman/Handywoman/Handyperson,google,1,0,0
,"Extron Electric & Plumbing Ltd",,http://extron.ca/,14168056144,,,,,,,,5,465,,,,,,,,0,0,0,0,0,0,0,1,1,0,,,,,,Electrician,google,1,0,0
,"Elite Construction And Renovations","64 Ferncroft Dr, Scarborough, ON M1N 2X4, Canada",http://elite-construction.ca,14168888417,info@elite-construction.ca,,,,,,,4.9,18,,,,,1419,,1400,1,1,0,0,0,0,0,1,1,1,https://www.facebook.com/EliteConstructionandRenovations/,https://twitter.com/elite_construct,https://ca.linkedin.com/company/elite-construction-and-renovations,,https://www.instagram.com/elite_construction/,"General contractor",google,1,0,0
,"Elevate Home Renovation Toronto | Kitchen Basement Bathroom Renovation","2300 Yonge St, Toronto, ON M4P 1E4, Canada",http://elevatehomerenovation.com,16474924115,info@elevatehomerenovation.com,,,,,,,5,50,,,,,,,,1,0,0,0,0,0,0,1,1,0,,,,,,"General contractor",google,1,0,0
,"Element Home Solutions",,http://elementhomesolutions.ca,16476499404,info@element-hvac.com,,,,,,,5,56,,,,,2125,,2100,0,0,0,1,0,0,0,0,1,0,,,,,,"Construction company",google,1,0,0
,"Eden Homes Contracting Services Inc",,http://edenhomescontracting.ca/,16478027140,contact@edenhomescontracting.ca,,,,,,,4.9,40,,,,,,,,1,1,1,0,0,0,0,1,1,1,https://www.facebook.com/edenhomescontracting/,,https://www.linkedin.com/in/eden-homes-contracting-services-inc-217575215/,,https://www.instagram.com/edenhomescontracting/,"Custom home builder",google,1,1,0
,"Easy Bathroom Renovation Toronto","2 St Clair Ave W 18th floor, Toronto, ON M4V 1L5, Canada",http://easybathroom.ca,14167475996,info@easyrenovation.ca,,,,,,,5,105,,,,,1146,,1100,0,0,0,1,0,0,0,1,1,0,,,,,,"Bathroom remodeler",google,1,0,0
New,"Easy Basements",,http://easybasements.ca/,16478709565,easybasements@gmail.com,,,,,,,5,30,,,,,,,,1,1,1,0,0,0,0,1,1,1,,,,https://www.youtube.com/channel/UCxcUEh25_LREz76CehphKGw,https://www.instagram.com/easybasements/,"Construction company",google,1,0,0
,"DT Home Reno","1920 Yonge St #266, Toronto, ON M4S 3E2, Canada",http://dtrenovation.ca/,16479315304,hello@dtrenovation.ca,,,,,,,4.2,5,,,,,,,,1,0,0,0,0,0,0,1,1,1,,,,https://www.youtube.com/@DTHomeRenovationGroup/videos,,Remodeler,google,1,0,0
,"DRM Projects",,http://drmprojects.ca/,16472043983,david@drmprojects.com,,,,,,,5,9,,,,,,,5,1,1,0,0,0,0,0,1,1,0,https://www.facebook.com/people/DRM-Projects/61584350729936/,,,,https://www.instagram.com/drmprojectsinc,Contractor,google,1,0,0
,"DOT Renovation",,http://dotreno.ca/,14168396108,info@dotreno.ca,,,,,,,4.9,71,,,,,,,244,1,1,1,0,0,0,0,0,1,1,,,,,,"Construction company",google,1,0,0
,"Dar Renovations","Richmond Hill, ON L3T 4A5, Canada",http://darrenovations.com/,14167236027,darrenovations.com@wix-domains.com,,,,,,,5,35,,,,,,,,1,1,0,0,0,0,0,1,1,0,https://www.facebook.com/darrenovations/,,,,https://www.instagram.com/dar.renovations/,"Bathroom remodeler",google,1,0,0
New,"CRM Renovation Group","343 Clark Ave W, Vaughan, ON L4J 7K5, Canada",http://crmrenovations.com,16472485610,crmrenovationgroup@gmail.com,,,,,,,5,45,,,,,,,22,1,0,0,0,0,0,0,0,1,0,https://www.facebook.com/61582668957533/,,,,https://www.instagram.com/crm_renovation_group/,"General contractor",google,1,0,0
,Cheemacustomhomes,"140 Yonge St, Toronto, ON M5C 1X6, Canada",http://cheemacustomhomes.ca,14165229039,theratio_interior@mail.com,,,,,,,4.8,11,,,,,,,,0,0,0,0,0,0,0,0,0,0,,,,,,"Construction company",google,1,0,0
,"CD Flood & Sewer Water Damage Cleanup","77 Bloor St W #636, Toronto, ON M5S 1M2, Canada",http://cdrenovationsgroup.ca/,16473702405,info@cdrenovationsgroup.ca,,,,,,,5,397,,,,,,,8,1,0,1,0,0,0,0,1,1,1,https://www.facebook.com/people/CD-Home-Renovations-Group/100095326429890/,,https://www.linkedin.com/company/cd-home-renovations-group,https://www.youtube.com/@CDHomeRenovations/videos,,"Water damage restoration service",google,1,0,0
,"Canadian Renovator & Technical Services Inc.","43 Thorncliffe Park Dr #307, East York, ON M4H 1J4, Canada",http://canadae.ca,14167312445,info@canadae.ca,,,,,,,5,282,,,,,,,,1,0,0,0,0,0,0,1,1,0,,,,,,Handyman/Handywoman/Handyperson,google,1,0,0
,"BuilDMaker Renovations","705 King St W, Toronto, ON M5V 2W8, Canada",http://buildmaker.ca,14373454839,buildmaker.ca@gmail.com,,,,,,,4.9,31,,,,,73,,69,1,1,1,0,0,0,0,1,1,0,https://www.facebook.com/buildmakerenovations/,,,https://youtube.com,https://instagram.com,"Tile contractor",google,1,0,0
,"Browne's Contracting","Hamghlin Building, 832 Bay St., Toronto, ON M5S 1Z6, Canada",http://brownescontracting.com,16472101368,info@brownescontracting.com,,,,,,,4.9,44,,,,,,,,1,0,0,0,0,0,0,1,1,1,,,,,https://www.instagram.com/brownescontracting1/?__d=1%2B,"Masonry contractor",google,1,0,0
,"The British Builder",,http://britishbuilder.ca,14379009749,info@britishbuilder.ca,,,,,,,5,21,,,,,,,,1,1,0,0,0,0,0,0,1,0,,,,,https://www.instagram.com/britishbuilder/,"General contractor",google,1,0,0
,"Blue Mahoe Design and Build","31 Princess St, Toronto, ON M5A 4P4, Canada",http://blue-mahoe.ca,16478072889,bluemahoedesign@gmail.com,,,,,,,5,47,,,,,,,,1,1,0,0,0,0,0,1,1,0,,,,,,"Home builder",google,1,0,0
New,"Bloor Homes","30 Grand Trunk Crescent, Toronto, ON M5J 3A4, Canada",http://bloorhomes.ca/,16474991090,info@bloorhomes.ca,,,,,,,,,,,,,,,,1,0,0,0,0,0,0,1,1,1,,,,,https://www.instagram.com/bloorhomes.ca/?hl=en,"Custom home builder",google,1,0,0
,"Bestway Home Renovation","111 Strachan Ave Unit 2, Toronto, ON M6J 2S7, Canada",http://bestwayhomerenovations.com,16479880677,contact@bestwayhomerenovations.com,,,,,,,5,16,,,,,,,,1,0,1,0,0,0,0,1,0,1,,,,,,Contractor,google,1,0,0
,"Benjamin Creative Renovations Ltd.",,http://benjaminreno.ca/,15195044543,info@benjaminreno.ca,,,,,,,5,2,,,,,,,,1,0,0,0,0,0,0,1,1,1,,,,,,"Kitchen remodeler",google,1,0,0
New,"The Beaches Home Reno Pro's","2036 Queen St E Unit 226, Toronto, ON M4L 1J4, Canada",http://beachespros.ca/,14374282749,,,,,,,,5,12,,,,,,,,0,0,0,0,0,0,0,0,1,0,,,,,,"General contractor",google,1,0,0
,"Bay Design Build | Kitchen & Home Renovation Toronto","1235 Bay St. Unit 700, Toronto, ON M5R 3K4, Canada",http://baydesignbuild.ca,16476765952,info@baydesignbuild.ca,,,,,,,5,21,,,,,8,,9,1,1,0,1,0,0,0,1,1,0,https://www.facebook.com/baydesignbuild,,https://www.linkedin.com/in/baydesignbuild?utm_source=profile&utm_medium=ios_app,https://www.youtube.com/@BAYDESIGNBUILD/shorts,https://www.instagram.com/baydesignbuild/,"General contractor",google,1,0,0
New,"Barz Renovate","North York, ON M2N 0C1, North York, ON M2N 0C1, Canada",http://barzrenovate.com,4378487575,info@barzrenovate.com,,,,,,,,,,,,,,,2,1,1,0,0,0,0,0,1,1,1,https://www.facebook.com/barzrenovate,,,,http://instagram.com/barz_renovate,"General Contractors,Handwerker",yelp,1,0,0
,"Atlantis Home Renovations Inc","97 Helena Ave, Toronto, ON M6G 2H3, Canada",http://atlantisonline.ca,16472852684,quotes@atlantisonline.ca,,,,,,,5,4,,,,,,,,1,0,0,0,0,0,0,1,1,1,https://www.facebook.com/AtlantisPaintingandRenovationServices,,https://ca.linkedin.com/company/atlantis-painting-and-renovation-services,,,"Interior construction contractor",google,1,0,0
,"Ashton Renovations","14 Black Willoway, North York, ON M2J 2K8, Canada",http://ashtonrenovations.com,14168033324,info@ashton.ca,,,,,,,4.7,54,,,,,118,,117,1,1,0,0,0,0,0,1,1,1,https://www.facebook.com/ashtonrenov/,,,https://www.youtube.com/user/TorontoRenovators,https://www.instagram.com/ashtonrenovations/,"General contractor",google,1,0,0
,"Artisan Renovations",,http://artisanrenovations.ca/,14163648222,,,,,,,,5,1,,,,,,,,1,0,0,0,0,0,0,0,1,0,,,,,,Contractor,google,1,0,0
,"Alpha Renovation","1285 St Clair Ave W, Toronto, ON M6E 1B8, Canada",http://alpharenovation.ca,14165777634,info@alpharenovation.ca,,,,,,,5,34,,,,,53,,53,1,0,0,0,0,0,0,1,1,1,https://www.facebook.com/alpharenovation/,,,,https://www.instagram.com/alpharenovation/,"Construction company",google,1,0,0
,"ALBO Renovations","27 Cannon Rd #2, Etobicoke, ON M8Y 1R8, Canada",http://alboreno.com,14169099966,info@alboreno.com,,,,,,,4.9,52,,,,,649,,652,1,1,1,0,0,0,0,1,1,1,https://www.facebook.com/ALBORenovations/,,,,https://www.instagram.com/alborenovations/,"General contractor",google,1,0,0
,"Ahoora Home Renovation | Basement Renovation Toronto","8131 Yonge St Ste 207 b, Thornhill, ON L3T 2C6, Canada",http://ahoorahomes.com,14372131526,info@ahoorahomes.com,,,,,,,5,37,,,,,734,,732,1,1,1,0,0,0,0,1,1,1,https://www.facebook.com/ahoora.khanzadeh.3/,,,,https://www.instagram.com/ahoora.ca,"General contractor",google,1,0,0
,"Acon Renovations","103 The Queensway, Toronto, ON M6S 5B3, Canada",http://aconreno.com,16472914696,info@aconreno.com,,,,,,,4.9,76,,,,,,,,1,0,0,0,0,0,0,1,1,1,,https://twitter.com/share?url=https%3A%2F%2Fwww.aconreno.com%2Fhome-renovation-amid-a-new-normal%2F&text=Home+renovation+amid+%E2%80%9Ca+new+normal%E2%80%9D,https://www.linkedin.com/shareArticle?mini=true&url=https%3A%2F%2Fwww.aconreno.com%2Fhome-renovation-amid-a-new-normal%2F&title=Home+renovation+amid+%E2%80%9Ca+new+normal%E2%80%9D,https://www.youtube.com/channel/UCtHgbi6hpNu8LGDWCog6V-Q,https://www.instagram.com/aconrenovations/,"Construction company",google,1,0,0
,"416 Handyman Toronto","215 Fort York Blvd, Toronto, ON M5V 4A2, Canada",http://416handymantoronto.com,16478352071,ken@416handymantoronto.com,,,,,,,4.9,72,,,,,,,,1,0,0,0,0,0,0,1,1,0,,,,,,Handyman/Handywoman/Handyperson,google,1,0,0
,"123 Remodeling","3080 Yonge St Ste 6060, Toronto, ON M4N 3N1, Canada",http://123remodeling.ca,16474961123,sales@123remodeling.ca,,,,,,,5,10,,,,,,,,0,0,0,0,0,0,0,0,1,0,,,,,,Remodeler,google,1,0,0
,"Square&Circle Renovation Inc.","32 Hood Cres, Scarborough, ON M1W 3C1",,6474390952,,,,,,,,,,,,,,,,,0,0,0,0,0,0,0,0,0,0,,,https://www.linkedin.com/company/gyi,,,"Home Improvements & Renovations",yellowpages-ca,,0,0
New,"Mikes Home repair & Renovations","11-20349 Ave 88, ON",,8074661472,,,,,,,,,,,,,,,,,0,0,0,0,0,0,0,0,0,0,,,,,,"Home Improvements & Renovations",yellowpages-ca,,0,0
New,"Home Renovations & Repairs","39 Sorlyn Ave, North York, ON M6L 1H7",,4165653040,,,,,,,,,,,,,,,,,0,0,0,0,0,0,0,0,0,0,,,,,,"General Contractors",yellowpages-ca,,0,0
New,"Home Restoration & General Repairs","ON Z6Z 6Z6",,4162700813,,,,,,,,,,,,,,,,,0,0,0,0,0,0,0,0,0,0,,,,,,"Home Improvements & Renovations",yellowpages-ca,,0,0
New,"Craig Home Renovations & Repairs",,,5199935217,,,,,,,,,,,,,,,,,0,0,0,0,0,0,0,0,0,0,,,,,,"Home Improvements & Renovations",yellowpages-ca,,0,0
New,"NMG Home Repairs & Renovations",,,5199190406,,,,,,,,,,,,,,,,,0,0,0,0,0,0,0,0,0,0,,,,,,"Home Improvements & Renovations",yellowpages-ca,,0,0
New,"M&H Home Renovations and Repairs",,,6478931614,,,,,,,,,,,,,,,,,0,0,0,0,0,0,0,0,0,0,,,,,,"Home Improvements & Renovations",yellowpages-ca,,0,0
New,"ME Home Renovation and Repair Services","Toronto, ON M1E 3Y6, Toronto, ON M1E 3Y6, Canada",,9059992442,,,,,,,,,,,,,,,,,0,0,0,0,0,0,0,0,0,0,,,,,,"General Contractors,Handwerker",yelp,,0,0
New,"Bill's Ingersoll Home Repairs & Renovations",,,5193170101,,,,,,,,,,,,,,,,,0,0,0,0,0,0,0,0,0,0,,,,,,"Home Improvements & Renovations",yellowpages-ca,,0,0
New,"Fix My Home Renovations",,,12899889711,,,,,,,,5,2,,,,,,,,0,0,0,0,0,0,0,0,0,0,,,,,,"Construction company",google,,0,0
New,"Home Improvement and Repair in Hamilton",,,2897950916,,,,,,,,,,,,,,,,,0,0,0,0,0,0,0,0,0,0,,,,,,"Home Improvements & Renovations",yellowpages-ca,,0,0
New,"City Pro Renovation","Toronto, ON M6B 1J7, Toronto, ON M6B 1J7, Canada",,4165285030,,,,,,,,,,,,,,,,,0,0,0,0,0,0,0,0,0,0,,,,,,"General Contractors,Raumausstattung & Innenarchitektur",yelp,,0,0
New,"home pro repair renovation",,,4166585533,,,,,,,,,,,,,,,,,0,0,0,0,0,0,0,0,0,0,,,,,,"General Contractors",yellowpages-ca,,0,0
New,"Escobar Home Repairs and Renovations","Toronto, ON M4P 4E0, Toronto, ON M4P 4E0, Canada",,6472295606,,,,,,,,,,,,,,,,,0,0,0,0,0,0,0,0,0,0,,,,,,"General Contractors",yelp,,0,0
New,"renoMARIS Home Improvements","Guelph, ON N1G 3A5, Guelph, ON N1G 3A5, Canada",,5198034505,,,,,,,,,,1,1,,,,,,0,0,0,0,0,0,0,0,0,0,,,,,,"Handwerker,General Contractors",yelp,,0,0
New,"Min Renovation Home","Toronto, ON M3M 1P2, Toronto, ON M3M 1P2, Canada",,4372175880,,,,,,,,,,,,,,,,,0,0,0,0,0,0,0,0,0,0,,,,,,"Bilderrahmen,Maler,Trockenbau",yelp,,0,0
New,"A Point Renovation Company 專業家居装修",,,16474476284,,,,,,,,5,3,,,,,,,,0,0,0,0,0,0,0,0,0,0,,,,,,"General contractor",google,,0,0
New,"Nightfall Renovations and Epoxy Flooring","302 Bay St., Toronto, ON M5H 0B6, Canada",,14373316757,,,,,,,,,,,,,,,,,0,0,0,0,0,0,0,0,0,0,,,,,,"Flooring contractor",google,,0,0
New,"Affordable Luxury INC.",,,16478346060,,,,,,,,5,27,,,,,,,,0,0,0,0,0,0,0,0,0,0,,,,,,"Construction company",google,,0,0
,"NMC Home Renovation",,,16475106534,,,,,,,,5,5,,,,,,,,0,0,0,0,0,0,0,0,0,0,,,,,,"General contractor",google,,0,0
,"A-Z Toronto Home Repair And Renovation Team","14-135 Tecumseth St, Toronto, ON M6J 2H2",,6478123243,,,,,,,,,,,,,,,,,0,0,0,0,0,0,0,0,0,0,,,,,,"Home Improvements & Renovations",yellowpages-ca,,0,0
,"Royal home renovation",,,14162744041,,,,,,,,1,4,,,,,,,,0,0,0,0,0,0,0,0,0,0,,,,,,"General contractor",google,,0,0
,"TruForce LTD.","55 Charles St E #1607, Toronto, ON M4Y 0J1, Canada",,16479936723,info@truforce.ca,,,,,,,5,26,,,,,,,,1,1,1,0,0,0,0,1,1,0,,,,,,"Water damage restoration service",google,,0,0
,"Kitchen Renovation Toronto","600 Bay St. #402, Toronto, ON M5G 1M6, Canada",,16478125319,,,,,,,,,,,,,,,,,0,0,0,0,0,0,0,0,0,0,,,,,,"Kitchen remodeler",google,,0,0
,"PSY Renovations & Installations Ltd.",,,16479628028,,,,,,,,5,103,,,,,,,,0,0,0,0,0,0,0,0,0,0,,,,,,"Construction company",google,,0,0
,"Kevin Selle Home Repair",,,5193361057,,,,,,,,,,,,,,,,,0,0,0,0,0,0,0,0,0,0,,,,,,"Home Improvements & Renovations",yellowpages-ca,,0,0
,"Super One Andy Renovation","Toronto, ON M6C 1B4, Toronto, ON M6C 1B4, Canada",,6477869999,,,,,,,,,,,,,,,,,0,0,0,0,0,0,0,0,0,0,,,,,,"Möbel-Wiederaufarbeitung,Handwerker,General Contractors",yelp,,0,0
,"5 ⭐️Renovation",,,16478672267,,,,,,,,5,1,,,,,,,,0,0,0,0,0,0,0,0,0,0,,,,,,"Home builder",google,,0,0
,"Handyman Home Repair And Renovation","58 Turnbull Rd, Dundas, ON L9H 3W7",,4165225287,,,,,,,,,,,,,,,,,0,0,0,0,0,0,0,0,0,0,,,,,,"Home Improvements & Renovations,Home Maintenance & Repair",yellowpages-ca,,0,0
,"All Home Repairs & Renovations and Designs",,,6132934104,,,,,,,,,,,,,,,,,0,0,0,0,0,0,0,0,0,0,,,,,,"Home Improvements & Renovations",yellowpages-ca,,0,0
,"TS Renovation",,,16477027241,,,,,,,,5,2,,,,,,,,0,0,0,0,0,0,0,0,0,0,,,,,,"General contractor",google,,0,0
,"Handyman Home Services and Repair",,,6473003644,,,,,,,,,,,,,,,,,0,0,0,0,0,0,0,0,0,0,,,,,,"Home Improvements & Renovations",yellowpages-ca,,0,0
,"Blaze Home Renovations",,,16476955687,info@blazerenovations.ca,,,,,,,5,47,,,,,,,,1,0,0,0,0,0,0,1,1,0,,,,,,"Kitchen remodeler",google,,0,0
,"ROHR Home Renovation",,,16477633335,,,,,,,,5,3,,,,,,,,0,0,0,0,0,0,0,0,0,0,,,,,,"General contractor",google,,0,0
,"Custom Home Renovation",,,14167864633,drdavidbryant@gmail.com,,,,,,,1,1,,,,,,,,1,1,0,0,0,0,0,0,1,0,,,,,https://www.instagram.com/customhome.renovation/?e=58702b5e-9657-4a89-af6b-938a92993d48&g=5,"Bathroom remodeler",google,,0,0
,"Dream Home Renovators",,,14168959861,,,,,,,,5,21,,,,,,,,0,0,0,0,0,0,0,0,0,0,,,,,,"Construction company",google,,0,0
,"Built 2 Last","4 Deer Park Crescent, Toronto, ON M4V 2C3, Canada",,4165786104,,,,,,,,,,,,,,,,,0,0,0,0,0,0,0,0,0,0,,,,,,"General Contractors,Fußbodenbeläge,Schreiner, Tischler & Zimmerer",yelp,,0,0
,"Affordable Home Renovations and Repairs",,,4169074895,,,,,,,,,,,,,,,,,0,0,0,0,0,0,0,0,0,0,,,,,,"Home Improvements & Renovations",yellowpages-ca,,0,0
,"Northshore Home Services And Repairs","1811-600 Greenfield Ave, Kitchener, ON N2C 2J9",,4164716248,,,,,,,,,,,,,,,,,0,0,0,0,0,0,0,0,0,0,,,,,,"Home Improvements & Renovations",yellowpages-ca,,0,0
